Respondent,Y,EAR,MAR,Circularity,MOE
1,0,0.274,1.036,0.436,3.783
1,0,0.278,1.037,0.419,3.729
1,0,0.274,1.033,0.436,3.765
1,0,0.312,1.023,0.474,3.282
1,0,0.168,1.032,0.338,6.161
1,0,0.279,1.020,0.430,3.655
1,0,0.283,1.005,0.435,3.551
1,0,0.298,0.995,0.475,3.333
1,0,0.298,0.989,0.445,3.318
1,0,0.260,0.986,0.385,3.794
1,0,0.293,1.012,0.431,3.453
1,0,0.297,0.964,0.434,3.249
1,0,0.269,1.014,0.403,3.768
1,0,0.264,1.024,0.418,3.877
1,0,0.156,1.034,0.356,6.630
1,0,0.270,1.042,0.403,3.866
1,0,0.260,1.024,0.405,3.940
1,0,0.264,1.028,0.449,3.887
1,0,0.260,1.024,0.434,3.945
1,0,0.274,1.024,0.415,3.742
1,0,0.231,1.024,0.404,4.434
1,0,0.250,1.024,0.388,4.097
1,0,0.264,1.038,0.418,3.930
1,0,0.264,1.024,0.418,3.877
1,0,0.255,1.020,0.401,3.998
1,0,0.264,1.038,0.417,3.929
1,0,0.270,0.998,0.411,3.702
1,0,0.255,1.006,0.400,3.948
1,0,0.269,0.996,0.403,3.699
1,0,0.270,1.010,0.402,3.746
1,0,0.250,1.020,0.388,4.081
1,0,0.260,1.038,0.414,3.993
1,0,0.231,1.014,0.375,4.395
1,0,0.260,1.028,0.434,3.960
1,0,0.260,1.021,0.415,3.926
1,0,0.274,1.016,0.414,3.715
1,0,0.241,1.062,0.403,4.403
1,0,0.255,1.034,0.400,4.061
1,0,0.250,1.040,0.418,4.156
1,0,0.255,1.000,0.433,3.918
1,0,0.266,1.039,0.407,3.912
1,0,0.231,1.127,0.412,4.878
1,0,0.225,1.045,0.360,4.633
1,0,0.240,1.033,0.399,4.297
1,0,0.256,1.065,0.411,4.162
1,0,0.215,1.051,0.385,4.888
1,0,0.270,1.065,0.413,3.940
1,0,0.245,1.050,0.383,4.277
1,0,0.262,1.017,0.426,3.883
1,0,0.195,1.054,0.354,5.391
1,0,0.163,1.005,0.337,6.182
1,0,0.255,1.021,0.410,3.998
1,0,0.221,1.046,0.368,4.745
1,0,0.215,0.986,0.353,4.597
1,0,0.198,1.010,0.338,5.099
1,0,0.223,0.985,0.359,4.415
1,0,0.190,1.022,0.372,5.391
1,0,0.220,0.995,0.379,4.530
1,0,0.223,1.021,0.359,4.585
1,0,0.210,1.054,0.401,5.023
1,0,0.227,0.969,0.376,4.264
1,0,0.235,1.062,0.382,4.530
1,0,0.195,1.037,0.371,5.329
1,0,0.198,1.050,0.345,5.299
1,0,0.232,1.072,0.380,4.614
1,0,0.224,1.046,0.379,4.665
1,0,0.211,1.012,0.380,4.800
1,0,0.236,1.017,0.409,4.317
1,0,0.220,1.046,0.379,4.746
1,0,0.215,1.016,0.377,4.720
1,0,0.216,1.048,0.365,4.851
1,0,0.226,1.022,0.391,4.529
1,0,0.231,1.036,0.428,4.489
1,0,0.220,1.038,0.395,4.723
1,0,0.183,1.042,0.339,5.698
1,0,0.208,1.014,0.360,4.871
1,0,0.206,1.034,0.399,5.026
1,0,0.198,1.046,0.334,5.284
1,0,0.217,1.034,0.374,4.773
1,0,0.201,1.047,0.371,5.204
1,0,0.220,1.023,0.366,4.645
1,0,0.245,1.024,0.393,4.181
1,0,0.228,1.036,0.386,4.545
1,0,0.215,1.050,0.377,4.891
1,0,0.229,1.039,0.410,4.527
1,0,0.211,1.033,0.380,4.889
1,0,0.226,1.078,0.390,4.765
1,0,0.205,1.034,0.378,5.046
1,0,0.244,1.030,0.404,4.219
1,0,0.186,1.042,0.349,5.595
1,0,0.214,1.052,0.342,4.925
1,0,0.209,1.042,0.392,4.980
1,0,0.220,1.036,0.380,4.709
1,0,0.324,1.088,0.490,3.362
1,0,0.201,1.047,0.385,5.211
1,0,0.221,1.042,0.376,4.714
1,0,0.212,1.044,0.398,4.925
1,0,0.226,1.052,0.394,4.653
1,0,0.225,1.036,0.410,4.612
1,0,0.225,1.019,0.394,4.535
1,0,0.252,0.988,0.420,3.915
1,0,0.216,1.033,0.394,4.785
1,0,0.208,1.040,0.360,4.993
1,0,0.246,1.039,0.404,4.231
1,0,0.216,1.026,0.366,4.760
1,0,0.188,1.104,0.386,5.866
1,0,0.229,1.090,0.393,4.764
1,0,0.220,1.112,0.380,5.054
1,0,0.220,1.076,0.380,4.893
1,0,0.236,1.090,0.376,4.628
1,0,0.225,1.100,0.380,4.897
1,0,0.246,1.078,0.404,4.392
1,0,0.201,1.095,0.403,5.442
1,0,0.225,1.072,0.394,4.772
1,0,0.225,1.094,0.390,4.873
1,0,0.203,1.067,0.401,5.271
1,0,0.219,1.085,0.345,4.954
1,0,0.220,1.055,0.380,4.796
1,0,0.241,1.067,0.389,4.428
1,0,0.214,1.045,0.396,4.884
1,0,0.216,1.066,0.365,4.938
1,0,0.237,1.081,0.404,4.571
1,0,0.216,1.057,0.394,4.897
1,0,0.205,1.077,0.382,5.244
1,0,0.230,1.066,0.370,4.626
1,0,0.212,1.050,0.371,4.952
1,0,0.213,1.076,0.361,5.059
1,0,0.205,1.044,0.382,5.093
1,0,0.204,1.066,0.350,5.224
1,0,0.213,1.041,0.361,4.893
1,0,0.215,1.073,0.398,4.997
1,0,0.230,1.060,0.373,4.600
1,0,0.181,1.035,0.339,5.729
1,0,0.214,1.071,0.395,5.013
1,0,0.223,1.023,0.356,4.583
1,0,0.225,1.065,0.378,4.739
1,0,0.240,1.056,0.424,4.391
1,0,0.226,1.069,0.379,4.739
1,0,0.241,1.064,0.392,4.421
1,0,0.226,1.063,0.394,4.702
1,0,0.216,1.062,0.365,4.920
1,0,0.242,1.084,0.424,4.484
1,0,0.237,1.060,0.412,4.466
1,0,0.230,1.057,0.394,4.592
1,0,0.240,1.068,0.401,4.446
1,0,0.267,1.063,0.421,3.973
1,0,0.195,1.042,0.389,5.330
1,0,0.226,1.070,0.391,4.741
1,0,0.241,1.044,0.410,4.333
1,0,0.188,1.082,0.340,5.747
1,0,0.245,1.007,0.415,4.106
1,0,0.352,1.043,0.498,2.963
1,0,0.235,1.006,0.394,4.278
1,0,0.235,1.012,0.410,4.313
1,0,0.236,1.038,0.416,4.400
1,0,0.240,1.060,0.411,4.412
1,0,0.224,1.016,0.413,4.546
1,0,0.240,1.055,0.411,4.391
1,0,0.246,1.031,0.425,4.192
1,0,0.230,1.047,0.362,4.559
1,0,0.235,1.036,0.366,4.416
1,0,0.230,1.049,0.384,4.551
1,0,0.219,1.053,0.377,4.801
1,0,0.210,1.067,0.386,5.076
1,0,0.241,1.044,0.413,4.326
1,0,0.251,1.028,0.408,4.090
1,0,0.220,1.039,0.380,4.724
1,0,0.255,1.009,0.424,3.952
1,0,0.226,1.029,0.379,4.563
1,0,0.225,1.055,0.393,4.686
1,0,0.221,1.074,0.382,4.866
1,0,0.215,1.043,0.383,4.854
1,0,0.235,1.028,0.377,4.373
1,0,0.235,1.079,0.398,4.587
1,0,0.235,1.054,0.398,4.480
1,0,0.241,1.034,0.392,4.286
1,0,0.261,1.073,0.425,4.113
1,0,0.245,1.010,0.393,4.123
1,0,0.209,1.055,0.349,5.056
1,0,0.220,1.059,0.366,4.807
1,0,0.219,1.045,0.398,4.772
1,0,0.215,1.047,0.383,4.875
1,0,0.244,1.093,0.370,4.477
1,0,0.235,1.063,0.398,4.519
1,0,0.236,1.029,0.398,4.354
1,0,0.191,1.062,0.367,5.563
1,0,0.213,1.053,0.363,4.941
1,0,0.241,1.050,0.393,4.357
1,0,0.240,0.995,0.393,4.138
1,0,0.242,1.024,0.424,4.233
1,0,0.162,1.033,0.332,6.390
1,0,0.213,1.065,0.361,5.009
1,0,0.223,1.044,0.359,4.678
1,0,0.219,1.043,0.397,4.758
1,0,0.219,1.029,0.348,4.701
1,0,0.240,1.033,0.413,4.306
1,0,0.237,1.071,0.408,4.528
1,0,0.210,1.089,0.383,5.180
1,0,0.272,1.070,0.420,3.937
1,0,0.219,1.057,0.377,4.815
1,0,0.213,1.079,0.383,5.061
1,0,0.187,1.029,0.352,5.496
1,0,0.225,1.058,0.413,4.696
1,0,0.207,1.059,0.381,5.108
1,0,0.194,1.048,0.389,5.410
1,0,0.246,1.062,0.416,4.326
1,0,0.236,1.093,0.411,4.638
1,0,0.227,1.042,0.409,4.597
1,0,0.213,1.061,0.364,4.980
1,0,0.216,1.023,0.398,4.730
1,0,0.235,1.045,0.398,4.442
1,0,0.215,1.090,0.383,5.075
1,0,0.240,1.080,0.413,4.500
1,0,0.216,1.094,0.400,5.069
1,0,0.256,1.084,0.412,4.238
1,0,0.224,1.090,0.393,4.872
1,0,0.210,1.079,0.383,5.132
1,0,0.211,1.074,0.386,5.100
1,0,0.216,1.067,0.368,4.947
1,0,0.240,1.049,0.410,4.363
1,0,0.245,1.029,0.424,4.196
1,0,0.218,1.070,0.364,4.897
1,0,0.216,1.054,0.386,4.882
1,0,0.240,1.059,0.413,4.412
1,0,0.225,1.049,0.381,4.663
1,0,0.240,1.090,0.379,4.550
1,0,0.235,1.094,0.398,4.663
1,0,0.255,1.072,0.423,4.198
1,0,0.224,1.049,0.378,4.682
1,0,0.246,1.042,0.425,4.234
1,0,0.247,1.070,0.407,4.324
1,0,0.251,1.006,0.420,4.012
1,0,0.251,1.035,0.419,4.117
1,0,0.240,1.064,0.413,4.432
1,0,0.240,1.066,0.378,4.446
1,0,0.255,1.072,0.387,4.198
1,0,0.211,1.063,0.371,5.044
1,0,0.236,1.069,0.408,4.539
1,0,0.239,1.072,0.387,4.483
1,0,0.215,1.049,0.383,4.881
1,1,0.337,1.016,0.477,3.014
1,1,0.341,0.982,0.488,2.882
1,1,0.333,1.001,0.498,3.004
1,1,0.300,0.974,0.461,3.246
1,1,0.293,1.014,0.411,3.456
1,1,0.315,0.978,0.460,3.104
1,1,0.330,0.981,0.492,2.974
1,1,0.298,0.986,0.483,3.307
1,1,0.337,1.045,0.479,3.101
1,1,0.239,0.997,0.394,4.165
1,1,0.272,1.035,0.404,3.804
1,1,0.272,1.004,0.428,3.691
1,1,0.229,0.980,0.377,4.286
1,1,0.199,0.976,0.382,4.906
1,1,0.304,0.997,0.463,3.275
1,1,0.309,1.051,0.470,3.404
1,1,0.305,1.027,0.432,3.366
1,1,0.293,1.058,0.443,3.606
1,1,0.351,1.028,0.509,2.926
1,1,0.351,1.013,0.509,2.883
1,1,0.348,1.040,0.498,2.990
1,1,0.305,1.044,0.458,3.426
1,1,0.279,1.014,0.445,3.641
1,1,0.255,0.997,0.392,3.901
1,1,0.267,0.974,0.448,3.647
1,1,0.267,0.985,0.379,3.687
1,1,0.216,1.049,0.379,4.844
1,1,0.138,1.027,0.315,7.465
1,1,0.233,1.006,0.414,4.317
1,1,0.172,1.030,0.353,6.002
1,1,0.205,1.063,0.363,5.184
1,1,0.234,1.007,0.414,4.299
1,1,0.144,1.032,0.348,7.172
1,1,0.194,1.008,0.366,5.189
1,1,0.239,1.043,0.393,4.365
1,1,0.211,1.021,0.363,4.830
1,1,0.212,1.015,0.364,4.795
1,1,0.182,1.007,0.369,5.521
1,1,0.179,1.016,0.328,5.666
1,1,0.221,1.040,0.395,4.696
1,1,0.212,1.051,0.364,4.952
1,1,0.217,0.981,0.379,4.522
1,1,0.217,1.027,0.380,4.731
1,1,0.217,1.051,0.379,4.846
1,1,0.228,1.049,0.398,4.593
1,1,0.245,0.995,0.409,4.067
1,1,0.245,1.030,0.374,4.205
1,1,0.261,1.037,0.408,3.968
1,1,0.239,1.046,0.394,4.373
1,1,0.190,1.037,0.350,5.457
1,1,0.245,1.035,0.410,4.232
1,1,0.244,1.049,0.410,4.290
1,1,0.273,1.072,0.429,3.933
1,1,0.268,1.056,0.425,3.945
1,1,0.267,1.047,0.414,3.918
1,1,0.273,1.033,0.429,3.789
1,1,0.250,0.997,0.411,3.989
1,1,0.284,1.065,0.424,3.751
1,1,0.284,1.019,0.426,3.588
1,1,0.273,1.057,0.394,3.876
1,1,0.267,1.037,0.411,3.887
1,1,0.284,1.014,0.425,3.571
1,1,0.289,1.021,0.431,3.534
1,1,0.273,1.005,0.429,3.687
1,1,0.284,1.045,0.451,3.679
1,1,0.267,1.017,0.413,3.806
1,1,0.289,1.008,0.432,3.484
1,1,0.289,1.018,0.430,3.524
1,1,0.273,1.054,0.429,3.866
1,1,0.295,1.005,0.447,3.402
1,1,0.273,1.016,0.429,3.728
1,1,0.289,1.009,0.464,3.492
1,1,0.284,1.076,0.452,3.787
1,1,0.250,1.021,0.353,4.087
1,1,0.223,1.072,0.397,4.811
1,1,0.262,1.030,0.409,3.934
1,1,0.244,1.052,0.410,4.304
1,1,0.262,1.069,0.409,4.084
1,1,0.268,1.052,0.426,3.927
1,1,0.227,1.059,0.361,4.660
1,1,0.239,1.035,0.392,4.330
1,1,0.250,1.068,0.412,4.273
1,1,0.273,0.993,0.395,3.641
1,1,0.279,1.088,0.411,3.898
1,1,0.267,1.051,0.389,3.932
1,1,0.261,1.059,0.408,4.052
1,1,0.273,1.035,0.430,3.796
1,1,0.273,0.990,0.429,3.630
1,1,0.271,1.059,0.416,3.910
1,1,0.250,1.048,0.401,4.191
1,1,0.158,1.026,0.324,6.482
1,1,0.164,1.058,0.324,6.438
1,1,0.217,1.020,0.380,4.698
1,1,0.205,1.030,0.379,5.021
1,1,0.222,1.018,0.375,4.593
1,1,0.251,1.051,0.427,4.192
1,1,0.251,1.030,0.427,4.109
1,1,0.250,1.036,0.427,4.135
1,1,0.215,1.040,0.396,4.828
1,1,0.247,0.980,0.449,3.973
1,1,0.239,1.017,0.372,4.253
1,1,0.198,1.004,0.325,5.066
1,1,0.215,1.048,0.394,4.872
1,1,0.205,1.003,0.363,4.883
1,1,0.226,1.028,0.411,4.541
1,1,0.210,1.017,0.379,4.840
1,1,0.233,1.030,0.392,4.421
1,1,0.222,1.016,0.395,4.586
1,1,0.239,1.063,0.392,4.447
1,1,0.175,1.052,0.354,6.006
1,1,0.245,1.043,0.410,4.263
1,1,0.214,1.046,0.356,4.881
1,1,0.222,1.063,0.396,4.792
1,1,0.221,1.091,0.395,4.929
1,1,0.216,1.089,0.343,5.042
1,1,0.221,1.101,0.357,4.984
1,1,0.250,1.062,0.425,4.240
1,1,0.244,1.059,0.372,4.343
1,1,0.228,1.038,0.376,4.551
1,1,0.244,1.038,0.372,4.262
1,1,0.233,1.038,0.354,4.465
1,1,0.222,1.079,0.396,4.863
1,1,0.228,1.041,0.375,4.572
1,1,0.228,1.071,0.375,4.693
1,1,0.233,1.056,0.391,4.528
1,1,0.226,1.034,0.373,4.578
1,1,0.232,1.018,0.354,4.382
1,1,0.245,1.038,0.411,4.238
1,1,0.239,1.094,0.393,4.568
1,1,0.262,1.092,0.409,4.175
1,1,0.222,1.057,0.396,4.761
1,1,0.245,1.035,0.410,4.231
1,1,0.142,1.014,0.328,7.152
1,1,0.203,1.056,0.359,5.213
1,1,0.233,1.083,0.391,4.637
1,1,0.222,1.085,0.357,4.897
1,1,0.233,1.060,0.354,4.556
1,1,0.234,1.031,0.392,4.413
1,1,0.256,1.115,0.369,4.363
1,1,0.221,1.041,0.358,4.717
1,1,0.245,1.053,0.410,4.302
1,1,0.233,1.078,0.355,4.631
1,1,0.227,1.120,0.413,4.928
1,1,0.244,1.091,0.373,4.464
1,1,0.244,1.026,0.410,4.198
1,1,0.238,1.076,0.393,4.513
1,1,0.251,1.019,0.428,4.061
1,1,0.222,1.044,0.357,4.703
1,1,0.234,1.055,0.392,4.517
1,1,0.268,1.081,0.426,4.037
1,1,0.256,1.038,0.369,4.064
1,1,0.203,1.063,0.359,5.239
1,1,0.239,1.040,0.393,4.348
1,1,0.244,1.012,0.372,4.145
1,1,0.256,1.067,0.369,4.177
1,1,0.257,1.078,0.429,4.197
1,1,0.256,1.059,0.367,4.145
1,1,0.245,1.077,0.410,4.393
1,1,0.239,1.098,0.408,4.593
1,1,0.239,1.100,0.369,4.604
1,1,0.233,1.075,0.392,4.614
1,1,0.239,1.104,0.409,4.613
1,1,0.256,1.068,0.405,4.168
1,1,0.245,1.105,0.410,4.509
1,1,0.244,1.063,0.372,4.356
1,1,0.251,1.097,0.404,4.372
1,1,0.244,1.121,0.372,4.595
1,1,0.245,1.067,0.373,4.365
1,1,0.256,1.088,0.393,4.259
1,1,0.263,1.072,0.423,4.076
1,1,0.263,1.098,0.449,4.176
1,1,0.250,1.071,0.388,4.290
1,1,0.274,1.087,0.443,3.967
1,1,0.244,1.075,0.372,4.407
1,1,0.245,1.094,0.372,4.472
1,1,0.263,1.076,0.449,4.093
1,1,0.221,1.029,0.358,4.652
1,1,0.244,1.138,0.410,4.656
1,1,0.240,1.099,0.394,4.585
1,1,0.275,1.072,0.444,3.900
1,1,0.261,1.096,0.383,4.196
1,1,0.268,1.068,0.451,3.981
1,1,0.267,1.080,0.389,4.041
1,1,0.257,1.091,0.430,4.249
1,1,0.268,1.075,0.426,4.012
1,1,0.239,1.083,0.393,4.532
1,1,0.263,1.072,0.448,4.081
1,1,0.244,1.068,0.410,4.369
1,1,0.245,1.096,0.411,4.470
1,1,0.275,1.094,0.443,3.987
1,1,0.245,1.065,0.410,4.351
1,1,0.268,1.059,0.426,3.945
1,1,0.279,1.075,0.410,3.851
1,1,0.291,1.097,0.406,3.774
1,1,0.262,1.072,0.433,4.094
1,1,0.245,1.083,0.411,4.415
1,1,0.251,1.068,0.412,4.261
1,1,0.268,1.077,0.425,4.015
1,1,0.284,1.072,0.425,3.768
1,1,0.273,1.095,0.430,4.010
1,1,0.280,1.085,0.448,3.874
1,1,0.228,1.081,0.390,4.738
1,1,0.286,1.076,0.428,3.768
1,1,0.244,1.114,0.372,4.566
1,1,0.292,1.113,0.480,3.818
1,1,0.267,1.070,0.389,4.004
1,1,0.279,1.113,0.447,3.983
1,1,0.279,1.041,0.447,3.726
1,1,0.267,1.088,0.388,4.074
1,1,0.279,1.112,0.411,3.986
1,1,0.273,1.101,0.404,4.024
1,1,0.291,1.059,0.441,3.640
1,1,0.274,1.099,0.441,4.009
1,1,0.291,1.145,0.442,3.932
1,1,0.262,1.102,0.408,4.214
1,1,0.307,1.119,0.443,3.649
1,1,0.291,1.106,0.441,3.806
1,1,0.284,1.095,0.424,3.855
1,1,0.280,1.142,0.447,4.083
1,1,0.267,1.091,0.389,4.079
1,1,0.285,1.121,0.426,3.939
1,1,0.267,1.135,0.388,4.242
1,1,0.295,1.090,0.446,3.690
1,1,0.295,1.100,0.446,3.725
1,1,0.291,1.102,0.441,3.793
1,1,0.300,1.135,0.460,3.778
1,1,0.291,1.132,0.443,3.890
1,1,0.303,1.188,0.467,3.923
1,1,0.307,1.164,0.442,3.794
1,1,0.314,1.092,0.458,3.475
1,1,0.307,1.109,0.442,3.614
1,1,0.291,1.159,0.443,3.981
1,1,0.300,1.056,0.460,3.517
1,1,0.256,1.112,0.369,4.347
1,1,0.262,1.107,0.409,4.229
1,1,0.250,1.093,0.404,4.365
1,1,0.322,1.129,0.481,3.505
1,1,0.291,1.114,0.443,3.831
1,1,0.268,1.132,0.426,4.219
1,1,0.302,1.104,0.463,3.652
2,0,0.300,0.938,0.458,3.132
2,0,0.304,0.912,0.446,2.999
2,0,0.280,0.913,0.413,3.259
2,0,0.295,0.984,0.448,3.339
2,0,0.283,0.926,0.419,3.273
2,0,0.297,0.925,0.451,3.118
2,0,0.295,0.899,0.445,3.049
2,0,0.289,0.930,0.409,3.221
2,0,0.292,0.896,0.419,3.072
2,0,0.300,0.902,0.458,3.008
2,0,0.285,0.849,0.423,2.981
2,0,0.286,0.961,0.435,3.364
2,0,0.307,1.031,0.457,3.354
2,0,0.291,1.050,0.423,3.612
2,0,0.259,0.946,0.397,3.658
2,0,0.290,0.928,0.405,3.200
2,0,0.285,0.928,0.417,3.253
2,0,0.278,0.937,0.424,3.373
2,0,0.295,0.928,0.414,3.146
2,0,0.270,0.948,0.408,3.519
2,0,0.279,0.952,0.451,3.415
2,0,0.275,0.945,0.412,3.440
2,0,0.278,0.988,0.453,3.560
2,0,0.278,0.950,0.450,3.419
2,0,0.286,0.907,0.420,3.177
2,0,0.266,0.941,0.434,3.534
2,0,0.233,0.993,0.393,4.261
2,0,0.266,0.998,0.420,3.748
2,0,0.266,0.981,0.407,3.683
2,0,0.274,0.922,0.424,3.362
2,0,0.274,0.950,0.419,3.470
2,0,0.297,0.975,0.452,3.279
2,0,0.275,0.957,0.477,3.478
2,0,0.297,0.907,0.422,3.058
2,0,0.270,0.928,0.408,3.441
2,0,0.285,0.961,0.444,3.366
2,0,0.281,0.868,0.429,3.096
2,0,0.310,0.975,0.457,3.151
2,0,0.290,0.956,0.436,3.296
2,0,0.278,1.028,0.426,3.693
2,0,0.287,0.987,0.438,3.436
2,0,0.306,1.073,0.487,3.508
2,0,0.313,1.030,0.481,3.295
2,0,0.282,1.029,0.452,3.645
2,0,0.294,1.008,0.452,3.423
2,0,0.262,0.952,0.424,3.629
2,0,0.278,0.991,0.418,3.570
2,0,0.282,0.970,0.422,3.437
2,0,0.278,0.962,0.409,3.462
2,0,0.286,0.972,0.420,3.403
2,0,0.294,0.961,0.422,3.276
2,0,0.277,0.967,0.409,3.494
2,0,0.292,0.961,0.415,3.293
2,0,0.313,0.943,0.460,3.018
2,0,0.292,0.922,0.433,3.153
2,0,0.294,0.968,0.439,3.296
2,0,0.297,0.954,0.447,3.214
2,0,0.316,0.951,0.459,3.014
2,0,0.292,0.919,0.433,3.145
2,0,0.292,0.929,0.437,3.177
2,0,0.305,0.928,0.439,3.045
2,0,0.266,0.867,0.396,3.267
2,0,0.307,0.975,0.453,3.182
2,0,0.301,0.984,0.442,3.265
2,0,0.297,0.914,0.425,3.075
2,0,0.313,0.943,0.413,3.014
2,0,0.309,0.930,0.454,3.006
2,0,0.308,0.941,0.447,3.056
2,0,0.308,0.904,0.441,2.936
2,0,0.318,0.916,0.442,2.881
2,0,0.313,0.897,0.453,2.864
2,0,0.294,0.881,0.405,2.997
2,0,0.282,0.923,0.409,3.270
2,0,0.297,0.941,0.440,3.166
2,0,0.294,0.890,0.433,3.027
2,0,0.294,0.933,0.434,3.178
2,0,0.291,1.028,0.425,3.537
2,0,0.297,1.031,0.444,3.472
2,0,0.270,0.927,0.420,3.435
2,0,0.303,0.880,0.436,2.903
2,0,0.285,0.878,0.417,3.086
2,0,0.285,0.882,0.442,3.096
2,0,0.274,0.880,0.417,3.218
2,0,0.281,0.883,0.431,3.139
2,0,0.288,0.878,0.426,3.050
2,0,0.277,0.901,0.427,3.254
2,0,0.273,0.875,0.417,3.201
2,0,0.285,0.875,0.442,3.072
2,0,0.250,0.883,0.393,3.534
2,0,0.266,0.888,0.401,3.343
2,0,0.277,0.888,0.424,3.204
2,0,0.281,0.880,0.412,3.130
2,0,0.273,0.884,0.415,3.235
2,0,0.305,0.896,0.463,2.939
2,0,0.311,0.876,0.431,2.819
2,0,0.292,0.905,0.436,3.093
2,0,0.223,0.890,0.377,3.996
2,0,0.242,0.880,0.398,3.637
2,0,0.278,0.845,0.417,3.045
2,0,0.246,0.838,0.391,3.403
2,0,0.277,0.832,0.419,3.001
2,0,0.251,0.822,0.375,3.272
2,0,0.296,0.956,0.436,3.235
2,0,0.302,0.911,0.446,3.019
2,0,0.301,0.919,0.462,3.053
2,0,0.281,0.904,0.420,3.221
2,0,0.258,0.899,0.436,3.482
2,0,0.281,0.903,0.444,3.214
2,0,0.280,0.897,0.435,3.204
2,0,0.311,0.886,0.429,2.850
2,0,0.302,0.982,0.476,3.246
2,0,0.297,1.000,0.492,3.371
2,0,0.307,1.044,0.446,3.396
2,0,0.303,1.066,0.457,3.520
2,0,0.313,1.059,0.458,3.388
2,0,0.271,1.042,0.426,3.839
2,0,0.298,1.055,0.445,3.544
2,0,0.282,0.882,0.430,3.132
2,0,0.199,0.815,0.318,4.095
2,0,0.223,0.870,0.318,3.896
2,0,0.219,0.755,0.363,3.445
2,0,0.346,1.086,0.500,3.140
2,0,0.200,1.052,0.409,5.265
2,0,0.309,0.862,0.463,2.790
2,0,0.269,0.896,0.397,3.337
2,0,0.298,0.951,0.450,3.190
2,0,0.290,0.875,0.451,3.016
2,0,0.283,0.914,0.436,3.225
2,0,0.280,0.960,0.440,3.425
2,0,0.273,0.895,0.422,3.277
2,0,0.273,0.949,0.444,3.480
2,0,0.269,0.932,0.422,3.459
2,0,0.280,0.922,0.411,3.291
2,0,0.289,0.935,0.456,3.236
2,0,0.287,0.917,0.430,3.190
2,0,0.265,0.930,0.408,3.512
2,0,0.234,0.940,0.398,4.013
2,0,0.294,0.980,0.444,3.332
2,0,0.285,0.984,0.427,3.453
2,0,0.273,0.947,0.446,3.470
2,0,0.272,0.939,0.421,3.449
2,0,0.262,0.926,0.384,3.540
2,0,0.185,0.950,0.378,5.139
2,0,0.262,0.896,0.428,3.417
2,0,0.216,0.936,0.367,4.327
2,0,0.191,0.926,0.336,4.839
2,0,0.171,0.911,0.340,5.329
2,0,0.216,0.915,0.395,4.232
2,0,0.189,0.945,0.347,4.991
2,0,0.207,0.931,0.355,4.507
2,0,0.172,0.964,0.358,5.599
2,0,0.246,0.926,0.398,3.772
2,0,0.165,0.944,0.370,5.724
2,0,0.262,0.945,0.409,3.605
2,0,0.171,0.931,0.357,5.454
2,0,0.153,0.939,0.326,6.155
2,0,0.262,0.931,0.411,3.548
2,0,0.253,0.907,0.395,3.582
2,0,0.140,0.938,0.328,6.709
2,0,0.161,0.935,0.374,5.824
2,0,0.254,0.944,0.393,3.712
2,0,0.181,0.954,0.350,5.267
2,0,0.163,0.955,0.368,5.878
2,0,0.219,0.936,0.374,4.265
2,0,0.190,0.954,0.375,5.013
2,0,0.270,0.948,0.407,3.504
2,0,0.170,0.925,0.357,5.431
2,0,0.254,0.956,0.421,3.760
2,0,0.178,0.948,0.366,5.333
2,0,0.233,0.918,0.377,3.938
2,0,0.154,0.895,0.351,5.822
2,0,0.166,0.948,0.359,5.715
2,0,0.237,0.959,0.384,4.055
2,0,0.272,0.887,0.414,3.260
2,0,0.257,0.906,0.407,3.526
2,0,0.259,0.908,0.417,3.505
2,0,0.268,0.889,0.407,3.313
2,0,0.258,0.932,0.374,3.621
2,0,0.289,0.919,0.450,3.181
2,0,0.303,0.925,0.438,3.058
2,0,0.280,0.919,0.434,3.284
2,0,0.281,0.910,0.435,3.242
2,0,0.235,0.918,0.391,3.912
2,0,0.273,0.909,0.420,3.327
2,0,0.261,0.917,0.427,3.511
2,0,0.278,0.941,0.431,3.386
2,0,0.294,0.953,0.465,3.245
2,0,0.278,0.906,0.431,3.260
2,0,0.258,0.972,0.398,3.772
2,0,0.286,0.922,0.444,3.227
2,0,0.292,0.920,0.460,3.148
2,0,0.289,0.912,0.428,3.157
2,0,0.278,0.959,0.433,3.453
2,0,0.289,1.056,0.450,3.657
2,0,0.288,1.046,0.445,3.632
2,0,0.282,1.067,0.420,3.781
2,0,0.304,1.085,0.467,3.569
2,0,0.295,1.005,0.464,3.401
2,0,0.280,1.025,0.457,3.658
2,0,0.268,1.034,0.426,3.854
2,0,0.305,1.039,0.433,3.402
2,0,0.296,1.048,0.460,3.540
2,0,0.268,1.048,0.431,3.906
2,0,0.243,1.046,0.409,4.300
2,0,0.254,1.046,0.406,4.114
2,0,0.264,1.046,0.446,3.955
2,0,0.257,1.048,0.435,4.080
2,0,0.296,1.037,0.460,3.503
2,0,0.279,1.048,0.453,3.751
2,0,0.252,1.073,0.423,4.260
2,0,0.243,1.019,0.410,4.188
2,0,0.300,1.020,0.445,3.403
2,0,0.285,1.022,0.466,3.593
2,0,0.280,1.048,0.450,3.736
2,0,0.262,1.043,0.418,3.981
2,0,0.272,1.053,0.446,3.871
2,0,0.257,1.070,0.465,4.159
2,0,0.321,1.003,0.473,3.121
2,0,0.304,1.042,0.462,3.425
2,0,0.292,1.038,0.420,3.553
2,0,0.311,1.035,0.463,3.332
2,0,0.276,1.009,0.444,3.661
2,0,0.314,0.981,0.447,3.125
2,0,0.286,0.966,0.409,3.379
2,0,0.268,1.055,0.426,3.942
2,0,0.269,0.929,0.435,3.453
2,0,0.288,1.000,0.432,3.475
2,0,0.246,0.895,0.398,3.634
2,0,0.269,0.889,0.416,3.307
2,0,0.294,0.908,0.437,3.086
2,0,0.288,0.914,0.423,3.180
2,0,0.281,0.985,0.405,3.504
2,0,0.230,0.976,0.376,4.244
2,0,0.304,0.989,0.445,3.251
2,0,0.288,0.875,0.422,3.043
2,0,0.284,0.890,0.423,3.129
2,0,0.306,0.885,0.444,2.893
2,0,0.274,0.824,0.416,3.012
2,0,0.277,0.828,0.399,2.987
2,0,0.273,0.837,0.417,3.063
2,1,0.274,1.036,0.436,3.783
2,1,0.278,1.037,0.419,3.729
2,1,0.274,1.033,0.436,3.765
2,1,0.312,1.023,0.474,3.282
2,1,0.168,1.032,0.338,6.161
2,1,0.279,1.020,0.430,3.655
2,1,0.283,1.005,0.435,3.551
2,1,0.298,0.995,0.475,3.333
2,1,0.298,0.989,0.445,3.318
2,1,0.260,0.986,0.385,3.794
2,1,0.293,1.012,0.431,3.453
2,1,0.297,0.964,0.434,3.249
2,1,0.269,1.014,0.403,3.768
2,1,0.264,1.024,0.418,3.877
2,1,0.156,1.034,0.356,6.630
2,1,0.270,1.042,0.403,3.866
2,1,0.260,1.024,0.405,3.940
2,1,0.264,1.028,0.449,3.887
2,1,0.260,1.024,0.434,3.945
2,1,0.274,1.024,0.415,3.742
2,1,0.231,1.024,0.404,4.434
2,1,0.250,1.024,0.388,4.097
2,1,0.264,1.038,0.418,3.930
2,1,0.264,1.024,0.418,3.877
2,1,0.255,1.020,0.401,3.998
2,1,0.264,1.038,0.417,3.929
2,1,0.270,0.998,0.411,3.702
2,1,0.255,1.006,0.400,3.948
2,1,0.269,0.996,0.403,3.699
2,1,0.270,1.010,0.402,3.746
2,1,0.250,1.020,0.388,4.081
2,1,0.260,1.038,0.414,3.993
2,1,0.231,1.014,0.375,4.395
2,1,0.260,1.028,0.434,3.960
2,1,0.260,1.021,0.415,3.926
2,1,0.274,1.016,0.414,3.715
2,1,0.241,1.062,0.403,4.403
2,1,0.255,1.034,0.400,4.061
2,1,0.250,1.040,0.418,4.156
2,1,0.255,1.000,0.433,3.918
2,1,0.266,1.039,0.407,3.912
2,1,0.231,1.127,0.412,4.878
2,1,0.225,1.045,0.360,4.633
2,1,0.240,1.033,0.399,4.297
2,1,0.256,1.065,0.411,4.162
2,1,0.215,1.051,0.385,4.888
2,1,0.270,1.065,0.413,3.940
2,1,0.245,1.050,0.383,4.277
2,1,0.262,1.017,0.426,3.883
2,1,0.195,1.054,0.354,5.391
2,1,0.163,1.005,0.337,6.182
2,1,0.255,1.021,0.410,3.998
2,1,0.221,1.046,0.368,4.745
2,1,0.215,0.986,0.353,4.597
2,1,0.198,1.010,0.338,5.099
2,1,0.223,0.985,0.359,4.415
2,1,0.190,1.022,0.372,5.391
2,1,0.220,0.995,0.379,4.530
2,1,0.223,1.021,0.359,4.585
2,1,0.210,1.054,0.401,5.023
2,1,0.227,0.969,0.376,4.264
2,1,0.235,1.062,0.382,4.530
2,1,0.195,1.037,0.371,5.329
2,1,0.198,1.050,0.345,5.299
2,1,0.232,1.072,0.380,4.614
2,1,0.224,1.046,0.379,4.665
2,1,0.211,1.012,0.380,4.800
2,1,0.236,1.017,0.409,4.317
2,1,0.220,1.046,0.379,4.746
2,1,0.215,1.016,0.377,4.720
2,1,0.216,1.048,0.365,4.851
2,1,0.226,1.022,0.391,4.529
2,1,0.231,1.036,0.428,4.489
2,1,0.220,1.038,0.395,4.723
2,1,0.183,1.042,0.339,5.698
2,1,0.208,1.014,0.360,4.871
2,1,0.206,1.034,0.399,5.026
2,1,0.198,1.046,0.334,5.284
2,1,0.217,1.034,0.374,4.773
2,1,0.201,1.047,0.371,5.204
2,1,0.220,1.023,0.366,4.645
2,1,0.245,1.024,0.393,4.181
2,1,0.228,1.036,0.386,4.545
2,1,0.215,1.050,0.377,4.891
2,1,0.229,1.039,0.410,4.527
2,1,0.211,1.033,0.380,4.889
2,1,0.226,1.078,0.390,4.765
2,1,0.205,1.034,0.378,5.046
2,1,0.244,1.030,0.404,4.219
2,1,0.186,1.042,0.349,5.595
2,1,0.214,1.052,0.342,4.925
2,1,0.209,1.042,0.392,4.980
2,1,0.220,1.036,0.380,4.709
2,1,0.324,1.088,0.490,3.362
2,1,0.201,1.047,0.385,5.211
2,1,0.221,1.042,0.376,4.714
2,1,0.212,1.044,0.398,4.925
2,1,0.226,1.052,0.394,4.653
2,1,0.225,1.036,0.410,4.612
2,1,0.225,1.019,0.394,4.535
2,1,0.252,0.988,0.420,3.915
2,1,0.216,1.033,0.394,4.785
2,1,0.208,1.040,0.360,4.993
2,1,0.246,1.039,0.404,4.231
2,1,0.216,1.026,0.366,4.760
2,1,0.188,1.104,0.386,5.866
2,1,0.229,1.090,0.393,4.764
2,1,0.220,1.112,0.380,5.054
2,1,0.220,1.076,0.380,4.893
2,1,0.236,1.090,0.376,4.628
2,1,0.225,1.100,0.380,4.897
2,1,0.246,1.078,0.404,4.392
2,1,0.201,1.095,0.403,5.442
2,1,0.225,1.072,0.394,4.772
2,1,0.225,1.094,0.390,4.873
2,1,0.203,1.067,0.401,5.271
2,1,0.219,1.085,0.345,4.954
2,1,0.220,1.055,0.380,4.796
2,1,0.241,1.067,0.389,4.428
2,1,0.214,1.045,0.396,4.884
2,1,0.216,1.066,0.365,4.938
2,1,0.237,1.081,0.404,4.571
2,1,0.216,1.057,0.394,4.897
2,1,0.205,1.077,0.382,5.244
2,1,0.230,1.066,0.370,4.626
2,1,0.212,1.050,0.371,4.952
2,1,0.213,1.076,0.361,5.059
2,1,0.205,1.044,0.382,5.093
2,1,0.204,1.066,0.350,5.224
2,1,0.213,1.041,0.361,4.893
2,1,0.215,1.073,0.398,4.997
2,1,0.230,1.060,0.373,4.600
2,1,0.181,1.035,0.339,5.729
2,1,0.214,1.071,0.395,5.013
2,1,0.223,1.023,0.356,4.583
2,1,0.225,1.065,0.378,4.739
2,1,0.240,1.056,0.424,4.391
2,1,0.226,1.069,0.379,4.739
2,1,0.241,1.064,0.392,4.421
2,1,0.226,1.063,0.394,4.702
2,1,0.216,1.062,0.365,4.920
2,1,0.242,1.084,0.424,4.484
2,1,0.237,1.060,0.412,4.466
2,1,0.230,1.057,0.394,4.592
2,1,0.240,1.068,0.401,4.446
2,1,0.267,1.063,0.421,3.973
2,1,0.195,1.042,0.389,5.330
2,1,0.226,1.070,0.391,4.741
2,1,0.241,1.044,0.410,4.333
2,1,0.188,1.082,0.340,5.747
2,1,0.245,1.007,0.415,4.106
2,1,0.352,1.043,0.498,2.963
2,1,0.235,1.006,0.394,4.278
2,1,0.235,1.012,0.410,4.313
2,1,0.236,1.038,0.416,4.400
2,1,0.240,1.060,0.411,4.412
2,1,0.224,1.016,0.413,4.546
2,1,0.240,1.055,0.411,4.391
2,1,0.246,1.031,0.425,4.192
2,1,0.230,1.047,0.362,4.559
2,1,0.235,1.036,0.366,4.416
2,1,0.230,1.049,0.384,4.551
2,1,0.219,1.053,0.377,4.801
2,1,0.210,1.067,0.386,5.076
2,1,0.241,1.044,0.413,4.326
2,1,0.251,1.028,0.408,4.090
2,1,0.220,1.039,0.380,4.724
2,1,0.255,1.009,0.424,3.952
2,1,0.226,1.029,0.379,4.563
2,1,0.225,1.055,0.393,4.686
2,1,0.221,1.074,0.382,4.866
2,1,0.215,1.043,0.383,4.854
2,1,0.235,1.028,0.377,4.373
2,1,0.235,1.079,0.398,4.587
2,1,0.235,1.054,0.398,4.480
2,1,0.241,1.034,0.392,4.286
2,1,0.261,1.073,0.425,4.113
2,1,0.245,1.010,0.393,4.123
2,1,0.209,1.055,0.349,5.056
2,1,0.220,1.059,0.366,4.807
2,1,0.219,1.045,0.398,4.772
2,1,0.215,1.047,0.383,4.875
2,1,0.244,1.093,0.370,4.477
2,1,0.235,1.063,0.398,4.519
2,1,0.236,1.029,0.398,4.354
2,1,0.191,1.062,0.367,5.563
2,1,0.213,1.053,0.363,4.941
2,1,0.241,1.050,0.393,4.357
2,1,0.240,0.995,0.393,4.138
2,1,0.242,1.024,0.424,4.233
2,1,0.162,1.033,0.332,6.390
2,1,0.213,1.065,0.361,5.009
2,1,0.223,1.044,0.359,4.678
2,1,0.219,1.043,0.397,4.758
2,1,0.219,1.029,0.348,4.701
2,1,0.240,1.033,0.413,4.306
2,1,0.237,1.071,0.408,4.528
2,1,0.210,1.089,0.383,5.180
2,1,0.272,1.070,0.420,3.937
2,1,0.219,1.057,0.377,4.815
2,1,0.213,1.079,0.383,5.061
2,1,0.187,1.029,0.352,5.496
2,1,0.225,1.058,0.413,4.696
2,1,0.207,1.059,0.381,5.108
2,1,0.194,1.048,0.389,5.410
2,1,0.246,1.062,0.416,4.326
2,1,0.236,1.093,0.411,4.638
2,1,0.227,1.042,0.409,4.597
2,1,0.213,1.061,0.364,4.980
2,1,0.216,1.023,0.398,4.730
2,1,0.235,1.045,0.398,4.442
2,1,0.215,1.090,0.383,5.075
2,1,0.240,1.080,0.413,4.500
2,1,0.216,1.094,0.400,5.069
2,1,0.256,1.084,0.412,4.238
2,1,0.224,1.090,0.393,4.872
2,1,0.210,1.079,0.383,5.132
2,1,0.211,1.074,0.386,5.100
2,1,0.216,1.067,0.368,4.947
2,1,0.240,1.049,0.410,4.363
2,1,0.245,1.029,0.424,4.196
2,1,0.218,1.070,0.364,4.897
2,1,0.216,1.054,0.386,4.882
2,1,0.240,1.059,0.413,4.412
2,1,0.225,1.049,0.381,4.663
2,1,0.240,1.090,0.379,4.550
2,1,0.235,1.094,0.398,4.663
2,1,0.255,1.072,0.423,4.198
2,1,0.224,1.049,0.378,4.682
2,1,0.246,1.042,0.425,4.234
2,1,0.247,1.070,0.407,4.324
2,1,0.251,1.006,0.420,4.012
2,1,0.251,1.035,0.419,4.117
2,1,0.240,1.064,0.413,4.432
2,1,0.240,1.066,0.378,4.446
2,1,0.255,1.072,0.387,4.198
2,1,0.211,1.063,0.371,5.044
2,1,0.236,1.069,0.408,4.539
2,1,0.239,1.072,0.387,4.483
2,1,0.215,1.049,0.383,4.881
3,0,0.3,0.938,0.458,3.132
3,0,0.304,0.912,0.446,2.999
3,0,0.28,0.913,0.413,3.259
3,0,0.295,0.984,0.448,3.339
3,0,0.283,0.926,0.419,3.273
3,0,0.297,0.925,0.451,3.118
3,0,0.295,0.899,0.445,3.049
3,0,0.289,0.93,0.409,3.221
3,0,0.292,0.896,0.419,3.072
3,0,0.3,0.902,0.458,3.008
3,0,0.285,0.849,0.423,2.981
3,0,0.286,0.961,0.435,3.364
3,0,0.307,1.031,0.457,3.354
3,0,0.291,1.05,0.423,3.612
3,0,0.259,0.946,0.397,3.658
3,0,0.29,0.928,0.405,3.2
3,0,0.285,0.928,0.417,3.253
3,0,0.278,0.937,0.424,3.373
3,0,0.295,0.928,0.414,3.146
3,0,0.27,0.948,0.408,3.519
3,0,0.279,0.952,0.451,3.415
3,0,0.275,0.945,0.412,3.44
3,0,0.278,0.988,0.453,3.56
3,0,0.278,0.95,0.45,3.419
3,0,0.286,0.907,0.42,3.177
3,0,0.266,0.941,0.434,3.534
3,0,0.233,0.993,0.393,4.261
3,0,0.266,0.998,0.42,3.748
3,0,0.266,0.981,0.407,3.683
3,0,0.274,0.922,0.424,3.362
3,0,0.274,0.95,0.419,3.47
3,0,0.297,0.975,0.452,3.279
3,0,0.275,0.957,0.477,3.478
3,0,0.297,0.907,0.422,3.058
3,0,0.27,0.928,0.408,3.441
3,0,0.285,0.961,0.444,3.366
3,0,0.281,0.868,0.429,3.096
3,0,0.31,0.975,0.457,3.151
3,0,0.29,0.956,0.436,3.296
3,0,0.278,1.028,0.426,3.693
3,0,0.287,0.987,0.438,3.436
3,0,0.306,1.073,0.487,3.508
3,0,0.313,1.03,0.481,3.295
3,0,0.282,1.029,0.452,3.645
3,0,0.294,1.008,0.452,3.423
3,0,0.262,0.952,0.424,3.629
3,0,0.278,0.991,0.418,3.57
3,0,0.282,0.97,0.422,3.437
3,0,0.278,0.962,0.409,3.462
3,0,0.286,0.972,0.42,3.403
3,0,0.294,0.961,0.422,3.276
3,0,0.277,0.967,0.409,3.494
3,0,0.292,0.961,0.415,3.293
3,0,0.313,0.943,0.46,3.018
3,0,0.292,0.922,0.433,3.153
3,0,0.294,0.968,0.439,3.296
3,0,0.297,0.954,0.447,3.214
3,0,0.316,0.951,0.459,3.014
3,0,0.292,0.919,0.433,3.145
3,0,0.292,0.929,0.437,3.177
3,0,0.305,0.928,0.439,3.045
3,0,0.266,0.867,0.396,3.267
3,0,0.307,0.975,0.453,3.182
3,0,0.301,0.984,0.442,3.265
3,0,0.297,0.914,0.425,3.075
3,0,0.313,0.943,0.413,3.014
3,0,0.309,0.93,0.454,3.006
3,0,0.308,0.941,0.447,3.056
3,0,0.308,0.904,0.441,2.936
3,0,0.318,0.916,0.442,2.881
3,0,0.313,0.897,0.453,2.864
3,0,0.294,0.881,0.405,2.997
3,0,0.282,0.923,0.409,3.27
3,0,0.297,0.941,0.44,3.166
3,0,0.294,0.89,0.433,3.027
3,0,0.294,0.933,0.434,3.178
3,0,0.291,1.028,0.425,3.537
3,0,0.297,1.031,0.444,3.472
3,0,0.27,0.927,0.42,3.435
3,0,0.303,0.88,0.436,2.903
3,0,0.285,0.878,0.417,3.086
3,0,0.285,0.882,0.442,3.096
3,0,0.274,0.88,0.417,3.218
3,0,0.281,0.883,0.431,3.139
3,0,0.288,0.878,0.426,3.05
3,0,0.277,0.901,0.427,3.254
3,0,0.273,0.875,0.417,3.201
3,0,0.285,0.875,0.442,3.072
3,0,0.25,0.883,0.393,3.534
3,0,0.266,0.888,0.401,3.343
3,0,0.277,0.888,0.424,3.204
3,0,0.281,0.88,0.412,3.13
3,0,0.273,0.884,0.415,3.235
3,0,0.305,0.896,0.463,2.939
3,0,0.311,0.876,0.431,2.819
3,0,0.292,0.905,0.436,3.093
3,0,0.223,0.89,0.377,3.996
3,0,0.242,0.88,0.398,3.637
3,0,0.278,0.845,0.417,3.045
3,0,0.246,0.838,0.391,3.403
3,0,0.277,0.832,0.419,3.001
3,0,0.251,0.822,0.375,3.272
3,0,0.296,0.956,0.436,3.235
3,0,0.302,0.911,0.446,3.019
3,0,0.301,0.919,0.462,3.053
3,0,0.281,0.904,0.42,3.221
3,0,0.258,0.899,0.436,3.482
3,0,0.281,0.903,0.444,3.214
3,0,0.28,0.897,0.435,3.204
3,0,0.311,0.886,0.429,2.85
3,0,0.302,0.982,0.476,3.246
3,0,0.297,1,0.492,3.371
3,0,0.307,1.044,0.446,3.396
3,0,0.303,1.066,0.457,3.52
3,0,0.313,1.059,0.458,3.388
3,0,0.271,1.042,0.426,3.839
3,0,0.298,1.055,0.445,3.544
3,0,0.282,0.882,0.43,3.132
3,0,0.199,0.815,0.318,4.095
3,0,0.223,0.87,0.318,3.896
3,0,0.219,0.755,0.363,3.445
3,0,0.346,1.086,0.5,3.14
3,0,0.2,1.052,0.409,5.265
3,0,0.309,0.862,0.463,2.79
3,0,0.269,0.896,0.397,3.337
3,0,0.298,0.951,0.45,3.19
3,0,0.29,0.875,0.451,3.016
3,0,0.283,0.914,0.436,3.225
3,0,0.28,0.96,0.44,3.425
3,0,0.273,0.895,0.422,3.277
3,0,0.273,0.949,0.444,3.48
3,0,0.269,0.932,0.422,3.459
3,0,0.28,0.922,0.411,3.291
3,0,0.289,0.935,0.456,3.236
3,0,0.287,0.917,0.43,3.19
3,0,0.265,0.93,0.408,3.512
3,0,0.234,0.94,0.398,4.013
3,0,0.294,0.98,0.444,3.332
3,0,0.285,0.984,0.427,3.453
3,0,0.273,0.947,0.446,3.47
3,0,0.272,0.939,0.421,3.449
3,0,0.262,0.926,0.384,3.54
3,0,0.185,0.95,0.378,5.139
3,0,0.262,0.896,0.428,3.417
3,0,0.216,0.936,0.367,4.327
3,0,0.191,0.926,0.336,4.839
3,0,0.171,0.911,0.34,5.329
3,0,0.216,0.915,0.395,4.232
3,0,0.189,0.945,0.347,4.991
3,0,0.207,0.931,0.355,4.507
3,0,0.172,0.964,0.358,5.599
3,0,0.246,0.926,0.398,3.772
3,0,0.165,0.944,0.37,5.724
3,0,0.262,0.945,0.409,3.605
3,0,0.171,0.931,0.357,5.454
3,0,0.153,0.939,0.326,6.155
3,0,0.262,0.931,0.411,3.548
3,0,0.253,0.907,0.395,3.582
3,0,0.14,0.938,0.328,6.709
3,0,0.161,0.935,0.374,5.824
3,0,0.254,0.944,0.393,3.712
3,0,0.181,0.954,0.35,5.267
3,0,0.163,0.955,0.368,5.878
3,0,0.219,0.936,0.374,4.265
3,0,0.19,0.954,0.375,5.013
3,0,0.27,0.948,0.407,3.504
3,0,0.17,0.925,0.357,5.431
3,0,0.254,0.956,0.421,3.76
3,0,0.178,0.948,0.366,5.333
3,0,0.233,0.918,0.377,3.938
3,0,0.154,0.895,0.351,5.822
3,0,0.166,0.948,0.359,5.715
3,0,0.237,0.959,0.384,4.055
3,0,0.272,0.887,0.414,3.26
3,0,0.257,0.906,0.407,3.526
3,0,0.259,0.908,0.417,3.505
3,0,0.268,0.889,0.407,3.313
3,0,0.258,0.932,0.374,3.621
3,0,0.289,0.919,0.45,3.181
3,0,0.303,0.925,0.438,3.058
3,0,0.28,0.919,0.434,3.284
3,0,0.281,0.91,0.435,3.242
3,0,0.235,0.918,0.391,3.912
3,0,0.273,0.909,0.42,3.327
3,0,0.261,0.917,0.427,3.511
3,0,0.278,0.941,0.431,3.386
3,0,0.294,0.953,0.465,3.245
3,0,0.278,0.906,0.431,3.26
3,0,0.258,0.972,0.398,3.772
3,0,0.286,0.922,0.444,3.227
3,0,0.292,0.92,0.46,3.148
3,0,0.289,0.912,0.428,3.157
3,0,0.278,0.959,0.433,3.453
3,0,0.289,1.056,0.45,3.657
3,0,0.288,1.046,0.445,3.632
3,0,0.282,1.067,0.42,3.781
3,0,0.304,1.085,0.467,3.569
3,0,0.295,1.005,0.464,3.401
3,0,0.28,1.025,0.457,3.658
3,0,0.268,1.034,0.426,3.854
3,0,0.305,1.039,0.433,3.402
3,0,0.296,1.048,0.46,3.54
3,0,0.268,1.048,0.431,3.906
3,0,0.243,1.046,0.409,4.3
3,0,0.254,1.046,0.406,4.114
3,0,0.264,1.046,0.446,3.955
3,0,0.257,1.048,0.435,4.08
3,0,0.296,1.037,0.46,3.503
3,0,0.279,1.048,0.453,3.751
3,0,0.252,1.073,0.423,4.26
3,0,0.243,1.019,0.41,4.188
3,0,0.3,1.02,0.445,3.403
3,0,0.285,1.022,0.466,3.593
3,0,0.28,1.048,0.45,3.736
3,0,0.262,1.043,0.418,3.981
3,0,0.272,1.053,0.446,3.871
3,0,0.257,1.07,0.465,4.159
3,0,0.321,1.003,0.473,3.121
3,0,0.304,1.042,0.462,3.425
3,0,0.292,1.038,0.42,3.553
3,0,0.311,1.035,0.463,3.332
3,0,0.276,1.009,0.444,3.661
3,0,0.314,0.981,0.447,3.125
3,0,0.286,0.966,0.409,3.379
3,0,0.268,1.055,0.426,3.942
3,0,0.269,0.929,0.435,3.453
3,0,0.288,1,0.432,3.475
3,0,0.246,0.895,0.398,3.634
3,0,0.269,0.889,0.416,3.307
3,0,0.294,0.908,0.437,3.086
3,0,0.288,0.914,0.423,3.18
3,0,0.281,0.985,0.405,3.504
3,0,0.23,0.976,0.376,4.244
3,0,0.304,0.989,0.445,3.251
3,0,0.288,0.875,0.422,3.043
3,0,0.284,0.89,0.423,3.129
3,0,0.306,0.885,0.444,2.893
3,0,0.274,0.824,0.416,3.012
3,0,0.277,0.828,0.399,2.987
3,0,0.273,0.837,0.417,3.063
3,1,0.274,1.036,0.436,3.783
3,1,0.278,1.037,0.419,3.729
3,1,0.274,1.033,0.436,3.765
3,1,0.312,1.023,0.474,3.282
3,1,0.168,1.032,0.338,6.161
3,1,0.279,1.020,0.430,3.655
3,1,0.283,1.005,0.435,3.551
3,1,0.298,0.995,0.475,3.333
3,1,0.298,0.989,0.445,3.318
3,1,0.260,0.986,0.385,3.794
3,1,0.293,1.012,0.431,3.453
3,1,0.297,0.964,0.434,3.249
3,1,0.269,1.014,0.403,3.768
3,1,0.264,1.024,0.418,3.877
3,1,0.156,1.034,0.356,6.630
3,1,0.270,1.042,0.403,3.866
3,1,0.260,1.024,0.405,3.940
3,1,0.264,1.028,0.449,3.887
3,1,0.260,1.024,0.434,3.945
3,1,0.274,1.024,0.415,3.742
3,1,0.231,1.024,0.404,4.434
3,1,0.250,1.024,0.388,4.097
3,1,0.264,1.038,0.418,3.930
3,1,0.264,1.024,0.418,3.877
3,1,0.255,1.020,0.401,3.998
3,1,0.264,1.038,0.417,3.929
3,1,0.270,0.998,0.411,3.702
3,1,0.255,1.006,0.400,3.948
3,1,0.269,0.996,0.403,3.699
3,1,0.270,1.010,0.402,3.746
3,1,0.250,1.020,0.388,4.081
3,1,0.260,1.038,0.414,3.993
3,1,0.231,1.014,0.375,4.395
3,1,0.260,1.028,0.434,3.960
3,1,0.260,1.021,0.415,3.926
3,1,0.274,1.016,0.414,3.715
3,1,0.241,1.062,0.403,4.403
3,1,0.255,1.034,0.400,4.061
3,1,0.250,1.040,0.418,4.156
3,1,0.255,1.000,0.433,3.918
3,1,0.266,1.039,0.407,3.912
3,1,0.231,1.127,0.412,4.878
3,1,0.225,1.045,0.360,4.633
3,1,0.240,1.033,0.399,4.297
3,1,0.256,1.065,0.411,4.162
3,1,0.215,1.051,0.385,4.888
3,1,0.270,1.065,0.413,3.940
3,1,0.245,1.050,0.383,4.277
3,1,0.262,1.017,0.426,3.883
3,1,0.195,1.054,0.354,5.391
3,1,0.163,1.005,0.337,6.182
3,1,0.255,1.021,0.410,3.998
3,1,0.221,1.046,0.368,4.745
3,1,0.215,0.986,0.353,4.597
3,1,0.198,1.010,0.338,5.099
3,1,0.223,0.985,0.359,4.415
3,1,0.190,1.022,0.372,5.391
3,1,0.220,0.995,0.379,4.530
3,1,0.223,1.021,0.359,4.585
3,1,0.210,1.054,0.401,5.023
3,1,0.227,0.969,0.376,4.264
3,1,0.235,1.062,0.382,4.530
3,1,0.195,1.037,0.371,5.329
3,1,0.198,1.050,0.345,5.299
3,1,0.232,1.072,0.380,4.614
3,1,0.224,1.046,0.379,4.665
3,1,0.211,1.012,0.380,4.800
3,1,0.236,1.017,0.409,4.317
3,1,0.220,1.046,0.379,4.746
3,1,0.215,1.016,0.377,4.720
3,1,0.216,1.048,0.365,4.851
3,1,0.226,1.022,0.391,4.529
3,1,0.231,1.036,0.428,4.489
3,1,0.220,1.038,0.395,4.723
3,1,0.183,1.042,0.339,5.698
3,1,0.208,1.014,0.360,4.871
3,1,0.206,1.034,0.399,5.026
3,1,0.198,1.046,0.334,5.284
3,1,0.217,1.034,0.374,4.773
3,1,0.201,1.047,0.371,5.204
3,1,0.220,1.023,0.366,4.645
3,1,0.245,1.024,0.393,4.181
3,1,0.228,1.036,0.386,4.545
3,1,0.215,1.050,0.377,4.891
3,1,0.229,1.039,0.410,4.527
3,1,0.211,1.033,0.380,4.889
3,1,0.226,1.078,0.390,4.765
3,1,0.205,1.034,0.378,5.046
3,1,0.244,1.030,0.404,4.219
3,1,0.186,1.042,0.349,5.595
3,1,0.214,1.052,0.342,4.925
3,1,0.209,1.042,0.392,4.980
3,1,0.220,1.036,0.380,4.709
3,1,0.324,1.088,0.490,3.362
3,1,0.201,1.047,0.385,5.211
3,1,0.221,1.042,0.376,4.714
3,1,0.212,1.044,0.398,4.925
3,1,0.226,1.052,0.394,4.653
3,1,0.225,1.036,0.410,4.612
3,1,0.225,1.019,0.394,4.535
3,1,0.252,0.988,0.420,3.915
3,1,0.216,1.033,0.394,4.785
3,1,0.208,1.040,0.360,4.993
3,1,0.246,1.039,0.404,4.231
3,1,0.216,1.026,0.366,4.760
3,1,0.188,1.104,0.386,5.866
3,1,0.229,1.090,0.393,4.764
3,1,0.220,1.112,0.380,5.054
3,1,0.220,1.076,0.380,4.893
3,1,0.236,1.090,0.376,4.628
3,1,0.225,1.100,0.380,4.897
3,1,0.246,1.078,0.404,4.392
3,1,0.201,1.095,0.403,5.442
3,1,0.225,1.072,0.394,4.772
3,1,0.225,1.094,0.390,4.873
3,1,0.203,1.067,0.401,5.271
3,1,0.219,1.085,0.345,4.954
3,1,0.220,1.055,0.380,4.796
3,1,0.241,1.067,0.389,4.428
3,1,0.214,1.045,0.396,4.884
3,1,0.216,1.066,0.365,4.938
3,1,0.237,1.081,0.404,4.571
3,1,0.216,1.057,0.394,4.897
3,1,0.205,1.077,0.382,5.244
3,1,0.230,1.066,0.370,4.626
3,1,0.212,1.050,0.371,4.952
3,1,0.213,1.076,0.361,5.059
3,1,0.205,1.044,0.382,5.093
3,1,0.204,1.066,0.350,5.224
3,1,0.213,1.041,0.361,4.893
3,1,0.215,1.073,0.398,4.997
3,1,0.230,1.060,0.373,4.600
3,1,0.181,1.035,0.339,5.729
3,1,0.214,1.071,0.395,5.013
3,1,0.223,1.023,0.356,4.583
3,1,0.225,1.065,0.378,4.739
3,1,0.240,1.056,0.424,4.391
3,1,0.226,1.069,0.379,4.739
3,1,0.241,1.064,0.392,4.421
3,1,0.226,1.063,0.394,4.702
3,1,0.216,1.062,0.365,4.920
3,1,0.242,1.084,0.424,4.484
3,1,0.237,1.060,0.412,4.466
3,1,0.230,1.057,0.394,4.592
3,1,0.240,1.068,0.401,4.446
3,1,0.267,1.063,0.421,3.973
3,1,0.195,1.042,0.389,5.330
3,1,0.226,1.070,0.391,4.741
3,1,0.241,1.044,0.410,4.333
3,1,0.188,1.082,0.340,5.747
3,1,0.245,1.007,0.415,4.106
3,1,0.352,1.043,0.498,2.963
3,1,0.235,1.006,0.394,4.278
3,1,0.235,1.012,0.410,4.313
3,1,0.236,1.038,0.416,4.400
3,1,0.240,1.060,0.411,4.412
3,1,0.224,1.016,0.413,4.546
3,1,0.240,1.055,0.411,4.391
3,1,0.246,1.031,0.425,4.192
3,1,0.230,1.047,0.362,4.559
3,1,0.235,1.036,0.366,4.416
3,1,0.230,1.049,0.384,4.551
3,1,0.219,1.053,0.377,4.801
3,1,0.210,1.067,0.386,5.076
3,1,0.241,1.044,0.413,4.326
3,1,0.251,1.028,0.408,4.090
3,1,0.220,1.039,0.380,4.724
3,1,0.255,1.009,0.424,3.952
3,1,0.226,1.029,0.379,4.563
3,1,0.225,1.055,0.393,4.686
3,1,0.221,1.074,0.382,4.866
3,1,0.215,1.043,0.383,4.854
3,1,0.235,1.028,0.377,4.373
3,1,0.235,1.079,0.398,4.587
3,1,0.235,1.054,0.398,4.480
3,1,0.241,1.034,0.392,4.286
3,1,0.261,1.073,0.425,4.113
3,1,0.245,1.010,0.393,4.123
3,1,0.209,1.055,0.349,5.056
3,1,0.220,1.059,0.366,4.807
3,1,0.219,1.045,0.398,4.772
3,1,0.215,1.047,0.383,4.875
3,1,0.244,1.093,0.370,4.477
3,1,0.235,1.063,0.398,4.519
3,1,0.236,1.029,0.398,4.354
3,1,0.191,1.062,0.367,5.563
3,1,0.213,1.053,0.363,4.941
3,1,0.241,1.050,0.393,4.357
3,1,0.240,0.995,0.393,4.138
3,1,0.242,1.024,0.424,4.233
3,1,0.162,1.033,0.332,6.390
3,1,0.213,1.065,0.361,5.009
3,1,0.223,1.044,0.359,4.678
3,1,0.219,1.043,0.397,4.758
3,1,0.219,1.029,0.348,4.701
3,1,0.240,1.033,0.413,4.306
3,1,0.237,1.071,0.408,4.528
3,1,0.210,1.089,0.383,5.180
3,1,0.272,1.070,0.420,3.937
3,1,0.219,1.057,0.377,4.815
3,1,0.213,1.079,0.383,5.061
3,1,0.187,1.029,0.352,5.496
3,1,0.225,1.058,0.413,4.696
3,1,0.207,1.059,0.381,5.108
3,1,0.194,1.048,0.389,5.410
3,1,0.246,1.062,0.416,4.326
3,1,0.236,1.093,0.411,4.638
3,1,0.227,1.042,0.409,4.597
3,1,0.213,1.061,0.364,4.980
3,1,0.216,1.023,0.398,4.730
3,1,0.235,1.045,0.398,4.442
3,1,0.215,1.090,0.383,5.075
3,1,0.240,1.080,0.413,4.500
3,1,0.216,1.094,0.400,5.069
3,1,0.256,1.084,0.412,4.238
3,1,0.224,1.090,0.393,4.872
3,1,0.210,1.079,0.383,5.132
3,1,0.211,1.074,0.386,5.100
3,1,0.216,1.067,0.368,4.947
3,1,0.240,1.049,0.410,4.363
3,1,0.245,1.029,0.424,4.196
3,1,0.218,1.070,0.364,4.897
3,1,0.216,1.054,0.386,4.882
3,1,0.240,1.059,0.413,4.412
3,1,0.225,1.049,0.381,4.663
3,1,0.240,1.090,0.379,4.550
3,1,0.235,1.094,0.398,4.663
3,1,0.255,1.072,0.423,4.198
3,1,0.224,1.049,0.378,4.682
3,1,0.246,1.042,0.425,4.234
3,1,0.247,1.070,0.407,4.324
3,1,0.251,1.006,0.420,4.012
3,1,0.251,1.035,0.419,4.117
3,1,0.240,1.064,0.413,4.432
3,1,0.240,1.066,0.378,4.446
3,1,0.255,1.072,0.387,4.198
3,1,0.211,1.063,0.371,5.044
3,1,0.236,1.069,0.408,4.539
3,1,0.239,1.072,0.387,4.483
3,1,0.215,1.049,0.383,4.881
4,0,0.274,1.036,0.436,3.783
4,0,0.278,1.037,0.419,3.729
4,0,0.274,1.033,0.436,3.765
4,0,0.312,1.023,0.474,3.282
4,0,0.168,1.032,0.338,6.161
4,0,0.279,1.02,0.43,3.655
4,0,0.283,1.005,0.435,3.551
4,0,0.298,0.995,0.475,3.333
4,0,0.298,0.989,0.445,3.318
4,0,0.26,0.986,0.385,3.794
4,0,0.293,1.012,0.431,3.453
4,0,0.297,0.964,0.434,3.249
4,0,0.269,1.014,0.403,3.768
4,0,0.264,1.024,0.418,3.877
4,0,0.156,1.034,0.356,6.63
4,0,0.27,1.042,0.403,3.866
4,0,0.26,1.024,0.405,3.94
4,0,0.264,1.028,0.449,3.887
4,0,0.26,1.024,0.434,3.945
4,0,0.274,1.024,0.415,3.742
4,0,0.231,1.024,0.404,4.434
4,0,0.25,1.024,0.388,4.097
4,0,0.264,1.038,0.418,3.93
4,0,0.264,1.024,0.418,3.877
4,0,0.255,1.02,0.401,3.998
4,0,0.264,1.038,0.417,3.929
4,0,0.27,0.998,0.411,3.702
4,0,0.255,1.006,0.4,3.948
4,0,0.269,0.996,0.403,3.699
4,0,0.27,1.01,0.402,3.746
4,0,0.25,1.02,0.388,4.081
4,0,0.26,1.038,0.414,3.993
4,0,0.231,1.014,0.375,4.395
4,0,0.26,1.028,0.434,3.96
4,0,0.26,1.021,0.415,3.926
4,0,0.274,1.016,0.414,3.715
4,0,0.241,1.062,0.403,4.403
4,0,0.255,1.034,0.4,4.061
4,0,0.25,1.04,0.418,4.156
4,0,0.255,1,0.433,3.918
4,0,0.266,1.039,0.407,3.912
4,0,0.231,1.127,0.412,4.878
4,0,0.225,1.045,0.36,4.633
4,0,0.24,1.033,0.399,4.297
4,0,0.256,1.065,0.411,4.162
4,0,0.215,1.051,0.385,4.888
4,0,0.27,1.065,0.413,3.94
4,0,0.245,1.05,0.383,4.277
4,0,0.262,1.017,0.426,3.883
4,0,0.195,1.054,0.354,5.391
4,0,0.163,1.005,0.337,6.182
4,0,0.255,1.021,0.41,3.998
4,0,0.221,1.046,0.368,4.745
4,0,0.215,0.986,0.353,4.597
4,0,0.198,1.01,0.338,5.099
4,0,0.223,0.985,0.359,4.415
4,0,0.19,1.022,0.372,5.391
4,0,0.22,0.995,0.379,4.53
4,0,0.223,1.021,0.359,4.585
4,0,0.21,1.054,0.401,5.023
4,0,0.227,0.969,0.376,4.264
4,0,0.235,1.062,0.382,4.53
4,0,0.195,1.037,0.371,5.329
4,0,0.198,1.05,0.345,5.299
4,0,0.232,1.072,0.38,4.614
4,0,0.224,1.046,0.379,4.665
4,0,0.211,1.012,0.38,4.8
4,0,0.236,1.017,0.409,4.317
4,0,0.22,1.046,0.379,4.746
4,0,0.215,1.016,0.377,4.72
4,0,0.216,1.048,0.365,4.851
4,0,0.226,1.022,0.391,4.529
4,0,0.231,1.036,0.428,4.489
4,0,0.22,1.038,0.395,4.723
4,0,0.183,1.042,0.339,5.698
4,0,0.208,1.014,0.36,4.871
4,0,0.206,1.034,0.399,5.026
4,0,0.198,1.046,0.334,5.284
4,0,0.217,1.034,0.374,4.773
4,0,0.201,1.047,0.371,5.204
4,0,0.22,1.023,0.366,4.645
4,0,0.245,1.024,0.393,4.181
4,0,0.228,1.036,0.386,4.545
4,0,0.215,1.05,0.377,4.891
4,0,0.229,1.039,0.41,4.527
4,0,0.211,1.033,0.38,4.889
4,0,0.226,1.078,0.39,4.765
4,0,0.205,1.034,0.378,5.046
4,0,0.244,1.03,0.404,4.219
4,0,0.186,1.042,0.349,5.595
4,0,0.214,1.052,0.342,4.925
4,0,0.209,1.042,0.392,4.98
4,0,0.22,1.036,0.38,4.709
4,0,0.324,1.088,0.49,3.362
4,0,0.201,1.047,0.385,5.211
4,0,0.221,1.042,0.376,4.714
4,0,0.212,1.044,0.398,4.925
4,0,0.226,1.052,0.394,4.653
4,0,0.225,1.036,0.41,4.612
4,0,0.225,1.019,0.394,4.535
4,0,0.252,0.988,0.42,3.915
4,0,0.216,1.033,0.394,4.785
4,0,0.208,1.04,0.36,4.993
4,0,0.246,1.039,0.404,4.231
4,0,0.216,1.026,0.366,4.76
4,0,0.188,1.104,0.386,5.866
4,0,0.229,1.09,0.393,4.764
4,0,0.22,1.112,0.38,5.054
4,0,0.22,1.076,0.38,4.893
4,0,0.236,1.09,0.376,4.628
4,0,0.225,1.1,0.38,4.897
4,0,0.246,1.078,0.404,4.392
4,0,0.201,1.095,0.403,5.442
4,0,0.225,1.072,0.394,4.772
4,0,0.225,1.094,0.39,4.873
4,0,0.203,1.067,0.401,5.271
4,0,0.219,1.085,0.345,4.954
4,0,0.22,1.055,0.38,4.796
4,0,0.241,1.067,0.389,4.428
4,0,0.214,1.045,0.396,4.884
4,0,0.216,1.066,0.365,4.938
4,0,0.237,1.081,0.404,4.571
4,0,0.216,1.057,0.394,4.897
4,0,0.205,1.077,0.382,5.244
4,0,0.23,1.066,0.37,4.626
4,0,0.212,1.05,0.371,4.952
4,0,0.213,1.076,0.361,5.059
4,0,0.205,1.044,0.382,5.093
4,0,0.204,1.066,0.35,5.224
4,0,0.213,1.041,0.361,4.893
4,0,0.215,1.073,0.398,4.997
4,0,0.23,1.06,0.373,4.6
4,0,0.181,1.035,0.339,5.729
4,0,0.214,1.071,0.395,5.013
4,0,0.223,1.023,0.356,4.583
4,0,0.225,1.065,0.378,4.739
4,0,0.24,1.056,0.424,4.391
4,0,0.226,1.069,0.379,4.739
4,0,0.241,1.064,0.392,4.421
4,0,0.226,1.063,0.394,4.702
4,0,0.216,1.062,0.365,4.92
4,0,0.242,1.084,0.424,4.484
4,0,0.237,1.06,0.412,4.466
4,0,0.23,1.057,0.394,4.592
4,0,0.24,1.068,0.401,4.446
4,0,0.267,1.063,0.421,3.973
4,0,0.195,1.042,0.389,5.33
4,0,0.226,1.07,0.391,4.741
4,0,0.241,1.044,0.41,4.333
4,0,0.188,1.082,0.34,5.747
4,0,0.245,1.007,0.415,4.106
4,0,0.352,1.043,0.498,2.963
4,0,0.235,1.006,0.394,4.278
4,0,0.235,1.012,0.41,4.313
4,0,0.236,1.038,0.416,4.4
4,0,0.24,1.06,0.411,4.412
4,0,0.224,1.016,0.413,4.546
4,0,0.24,1.055,0.411,4.391
4,0,0.246,1.031,0.425,4.192
4,0,0.23,1.047,0.362,4.559
4,0,0.235,1.036,0.366,4.416
4,0,0.23,1.049,0.384,4.551
4,0,0.219,1.053,0.377,4.801
4,0,0.21,1.067,0.386,5.076
4,0,0.241,1.044,0.413,4.326
4,0,0.251,1.028,0.408,4.09
4,0,0.22,1.039,0.38,4.724
4,0,0.255,1.009,0.424,3.952
4,0,0.226,1.029,0.379,4.563
4,0,0.225,1.055,0.393,4.686
4,0,0.221,1.074,0.382,4.866
4,0,0.215,1.043,0.383,4.854
4,0,0.235,1.028,0.377,4.373
4,0,0.235,1.079,0.398,4.587
4,0,0.235,1.054,0.398,4.48
4,0,0.241,1.034,0.392,4.286
4,0,0.261,1.073,0.425,4.113
4,0,0.245,1.01,0.393,4.123
4,0,0.209,1.055,0.349,5.056
4,0,0.22,1.059,0.366,4.807
4,0,0.219,1.045,0.398,4.772
4,0,0.215,1.047,0.383,4.875
4,0,0.244,1.093,0.37,4.477
4,0,0.235,1.063,0.398,4.519
4,0,0.236,1.029,0.398,4.354
4,0,0.191,1.062,0.367,5.563
4,0,0.213,1.053,0.363,4.941
4,0,0.241,1.05,0.393,4.357
4,0,0.24,0.995,0.393,4.138
4,0,0.242,1.024,0.424,4.233
4,0,0.162,1.033,0.332,6.39
4,0,0.213,1.065,0.361,5.009
4,0,0.223,1.044,0.359,4.678
4,0,0.219,1.043,0.397,4.758
4,0,0.219,1.029,0.348,4.701
4,0,0.24,1.033,0.413,4.306
4,0,0.237,1.071,0.408,4.528
4,0,0.21,1.089,0.383,5.18
4,0,0.272,1.07,0.42,3.937
4,0,0.219,1.057,0.377,4.815
4,0,0.213,1.079,0.383,5.061
4,0,0.187,1.029,0.352,5.496
4,0,0.225,1.058,0.413,4.696
4,0,0.207,1.059,0.381,5.108
4,0,0.194,1.048,0.389,5.41
4,0,0.246,1.062,0.416,4.326
4,0,0.236,1.093,0.411,4.638
4,0,0.227,1.042,0.409,4.597
4,0,0.213,1.061,0.364,4.98
4,0,0.216,1.023,0.398,4.73
4,0,0.235,1.045,0.398,4.442
4,0,0.215,1.09,0.383,5.075
4,0,0.24,1.08,0.413,4.5
4,0,0.216,1.094,0.4,5.069
4,0,0.256,1.084,0.412,4.238
4,0,0.224,1.09,0.393,4.872
4,0,0.21,1.079,0.383,5.132
4,0,0.211,1.074,0.386,5.1
4,0,0.216,1.067,0.368,4.947
4,0,0.24,1.049,0.41,4.363
4,0,0.245,1.029,0.424,4.196
4,0,0.218,1.07,0.364,4.897
4,0,0.216,1.054,0.386,4.882
4,0,0.24,1.059,0.413,4.412
4,0,0.225,1.049,0.381,4.663
4,0,0.24,1.09,0.379,4.55
4,0,0.235,1.094,0.398,4.663
4,0,0.255,1.072,0.423,4.198
4,0,0.224,1.049,0.378,4.682
4,0,0.246,1.042,0.425,4.234
4,0,0.247,1.07,0.407,4.324
4,0,0.251,1.006,0.42,4.012
4,0,0.251,1.035,0.419,4.117
4,0,0.24,1.064,0.413,4.432
4,0,0.24,1.066,0.378,4.446
4,0,0.255,1.072,0.387,4.198
4,0,0.211,1.063,0.371,5.044
4,0,0.236,1.069,0.408,4.539
4,0,0.239,1.072,0.387,4.483
4,0,0.215,1.049,0.383,4.881
4,1,0.337,1.016,0.477,3.014
4,1,0.341,0.982,0.488,2.882
4,1,0.333,1.001,0.498,3.004
4,1,0.300,0.974,0.461,3.246
4,1,0.293,1.014,0.411,3.456
4,1,0.315,0.978,0.460,3.104
4,1,0.330,0.981,0.492,2.974
4,1,0.298,0.986,0.483,3.307
4,1,0.337,1.045,0.479,3.101
4,1,0.239,0.997,0.394,4.165
4,1,0.272,1.035,0.404,3.804
4,1,0.272,1.004,0.428,3.691
4,1,0.229,0.980,0.377,4.286
4,1,0.199,0.976,0.382,4.906
4,1,0.304,0.997,0.463,3.275
4,1,0.309,1.051,0.470,3.404
4,1,0.305,1.027,0.432,3.366
4,1,0.293,1.058,0.443,3.606
4,1,0.351,1.028,0.509,2.926
4,1,0.351,1.013,0.509,2.883
4,1,0.348,1.040,0.498,2.990
4,1,0.305,1.044,0.458,3.426
4,1,0.279,1.014,0.445,3.641
4,1,0.255,0.997,0.392,3.901
4,1,0.267,0.974,0.448,3.647
4,1,0.267,0.985,0.379,3.687
4,1,0.216,1.049,0.379,4.844
4,1,0.138,1.027,0.315,7.465
4,1,0.233,1.006,0.414,4.317
4,1,0.172,1.030,0.353,6.002
4,1,0.205,1.063,0.363,5.184
4,1,0.234,1.007,0.414,4.299
4,1,0.144,1.032,0.348,7.172
4,1,0.194,1.008,0.366,5.189
4,1,0.239,1.043,0.393,4.365
4,1,0.211,1.021,0.363,4.830
4,1,0.212,1.015,0.364,4.795
4,1,0.182,1.007,0.369,5.521
4,1,0.179,1.016,0.328,5.666
4,1,0.221,1.040,0.395,4.696
4,1,0.212,1.051,0.364,4.952
4,1,0.217,0.981,0.379,4.522
4,1,0.217,1.027,0.380,4.731
4,1,0.217,1.051,0.379,4.846
4,1,0.228,1.049,0.398,4.593
4,1,0.245,0.995,0.409,4.067
4,1,0.245,1.030,0.374,4.205
4,1,0.261,1.037,0.408,3.968
4,1,0.239,1.046,0.394,4.373
4,1,0.190,1.037,0.350,5.457
4,1,0.245,1.035,0.410,4.232
4,1,0.244,1.049,0.410,4.290
4,1,0.273,1.072,0.429,3.933
4,1,0.268,1.056,0.425,3.945
4,1,0.267,1.047,0.414,3.918
4,1,0.273,1.033,0.429,3.789
4,1,0.250,0.997,0.411,3.989
4,1,0.284,1.065,0.424,3.751
4,1,0.284,1.019,0.426,3.588
4,1,0.273,1.057,0.394,3.876
4,1,0.267,1.037,0.411,3.887
4,1,0.284,1.014,0.425,3.571
4,1,0.289,1.021,0.431,3.534
4,1,0.273,1.005,0.429,3.687
4,1,0.284,1.045,0.451,3.679
4,1,0.267,1.017,0.413,3.806
4,1,0.289,1.008,0.432,3.484
4,1,0.289,1.018,0.430,3.524
4,1,0.273,1.054,0.429,3.866
4,1,0.295,1.005,0.447,3.402
4,1,0.273,1.016,0.429,3.728
4,1,0.289,1.009,0.464,3.492
4,1,0.284,1.076,0.452,3.787
4,1,0.250,1.021,0.353,4.087
4,1,0.223,1.072,0.397,4.811
4,1,0.262,1.030,0.409,3.934
4,1,0.244,1.052,0.410,4.304
4,1,0.262,1.069,0.409,4.084
4,1,0.268,1.052,0.426,3.927
4,1,0.227,1.059,0.361,4.660
4,1,0.239,1.035,0.392,4.330
4,1,0.250,1.068,0.412,4.273
4,1,0.273,0.993,0.395,3.641
4,1,0.279,1.088,0.411,3.898
4,1,0.267,1.051,0.389,3.932
4,1,0.261,1.059,0.408,4.052
4,1,0.273,1.035,0.430,3.796
4,1,0.273,0.990,0.429,3.630
4,1,0.271,1.059,0.416,3.910
4,1,0.250,1.048,0.401,4.191
4,1,0.158,1.026,0.324,6.482
4,1,0.164,1.058,0.324,6.438
4,1,0.217,1.020,0.380,4.698
4,1,0.205,1.030,0.379,5.021
4,1,0.222,1.018,0.375,4.593
4,1,0.251,1.051,0.427,4.192
4,1,0.251,1.030,0.427,4.109
4,1,0.250,1.036,0.427,4.135
4,1,0.215,1.040,0.396,4.828
4,1,0.247,0.980,0.449,3.973
4,1,0.239,1.017,0.372,4.253
4,1,0.198,1.004,0.325,5.066
4,1,0.215,1.048,0.394,4.872
4,1,0.205,1.003,0.363,4.883
4,1,0.226,1.028,0.411,4.541
4,1,0.210,1.017,0.379,4.840
4,1,0.233,1.030,0.392,4.421
4,1,0.222,1.016,0.395,4.586
4,1,0.239,1.063,0.392,4.447
4,1,0.175,1.052,0.354,6.006
4,1,0.245,1.043,0.410,4.263
4,1,0.214,1.046,0.356,4.881
4,1,0.222,1.063,0.396,4.792
4,1,0.221,1.091,0.395,4.929
4,1,0.216,1.089,0.343,5.042
4,1,0.221,1.101,0.357,4.984
4,1,0.250,1.062,0.425,4.240
4,1,0.244,1.059,0.372,4.343
4,1,0.228,1.038,0.376,4.551
4,1,0.244,1.038,0.372,4.262
4,1,0.233,1.038,0.354,4.465
4,1,0.222,1.079,0.396,4.863
4,1,0.228,1.041,0.375,4.572
4,1,0.228,1.071,0.375,4.693
4,1,0.233,1.056,0.391,4.528
4,1,0.226,1.034,0.373,4.578
4,1,0.232,1.018,0.354,4.382
4,1,0.245,1.038,0.411,4.238
4,1,0.239,1.094,0.393,4.568
4,1,0.262,1.092,0.409,4.175
4,1,0.222,1.057,0.396,4.761
4,1,0.245,1.035,0.410,4.231
4,1,0.142,1.014,0.328,7.152
4,1,0.203,1.056,0.359,5.213
4,1,0.233,1.083,0.391,4.637
4,1,0.222,1.085,0.357,4.897
4,1,0.233,1.060,0.354,4.556
4,1,0.234,1.031,0.392,4.413
4,1,0.256,1.115,0.369,4.363
4,1,0.221,1.041,0.358,4.717
4,1,0.245,1.053,0.410,4.302
4,1,0.233,1.078,0.355,4.631
4,1,0.227,1.120,0.413,4.928
4,1,0.244,1.091,0.373,4.464
4,1,0.244,1.026,0.410,4.198
4,1,0.238,1.076,0.393,4.513
4,1,0.251,1.019,0.428,4.061
4,1,0.222,1.044,0.357,4.703
4,1,0.234,1.055,0.392,4.517
4,1,0.268,1.081,0.426,4.037
4,1,0.256,1.038,0.369,4.064
4,1,0.203,1.063,0.359,5.239
4,1,0.239,1.040,0.393,4.348
4,1,0.244,1.012,0.372,4.145
4,1,0.256,1.067,0.369,4.177
4,1,0.257,1.078,0.429,4.197
4,1,0.256,1.059,0.367,4.145
4,1,0.245,1.077,0.410,4.393
4,1,0.239,1.098,0.408,4.593
4,1,0.239,1.100,0.369,4.604
4,1,0.233,1.075,0.392,4.614
4,1,0.239,1.104,0.409,4.613
4,1,0.256,1.068,0.405,4.168
4,1,0.245,1.105,0.410,4.509
4,1,0.244,1.063,0.372,4.356
4,1,0.251,1.097,0.404,4.372
4,1,0.244,1.121,0.372,4.595
4,1,0.245,1.067,0.373,4.365
4,1,0.256,1.088,0.393,4.259
4,1,0.263,1.072,0.423,4.076
4,1,0.263,1.098,0.449,4.176
4,1,0.250,1.071,0.388,4.290
4,1,0.274,1.087,0.443,3.967
4,1,0.244,1.075,0.372,4.407
4,1,0.245,1.094,0.372,4.472
4,1,0.263,1.076,0.449,4.093
4,1,0.221,1.029,0.358,4.652
4,1,0.244,1.138,0.410,4.656
4,1,0.240,1.099,0.394,4.585
4,1,0.275,1.072,0.444,3.900
4,1,0.261,1.096,0.383,4.196
4,1,0.268,1.068,0.451,3.981
4,1,0.267,1.080,0.389,4.041
4,1,0.257,1.091,0.430,4.249
4,1,0.268,1.075,0.426,4.012
4,1,0.239,1.083,0.393,4.532
4,1,0.263,1.072,0.448,4.081
4,1,0.244,1.068,0.410,4.369
4,1,0.245,1.096,0.411,4.470
4,1,0.275,1.094,0.443,3.987
4,1,0.245,1.065,0.410,4.351
4,1,0.268,1.059,0.426,3.945
4,1,0.279,1.075,0.410,3.851
4,1,0.291,1.097,0.406,3.774
4,1,0.262,1.072,0.433,4.094
4,1,0.245,1.083,0.411,4.415
4,1,0.251,1.068,0.412,4.261
4,1,0.268,1.077,0.425,4.015
4,1,0.284,1.072,0.425,3.768
4,1,0.273,1.095,0.430,4.010
4,1,0.280,1.085,0.448,3.874
4,1,0.228,1.081,0.390,4.738
4,1,0.286,1.076,0.428,3.768
4,1,0.244,1.114,0.372,4.566
4,1,0.292,1.113,0.480,3.818
4,1,0.267,1.070,0.389,4.004
4,1,0.279,1.113,0.447,3.983
4,1,0.279,1.041,0.447,3.726
4,1,0.267,1.088,0.388,4.074
4,1,0.279,1.112,0.411,3.986
4,1,0.273,1.101,0.404,4.024
4,1,0.291,1.059,0.441,3.640
4,1,0.274,1.099,0.441,4.009
4,1,0.291,1.145,0.442,3.932
4,1,0.262,1.102,0.408,4.214
4,1,0.307,1.119,0.443,3.649
4,1,0.291,1.106,0.441,3.806
4,1,0.284,1.095,0.424,3.855
4,1,0.280,1.142,0.447,4.083
4,1,0.267,1.091,0.389,4.079
4,1,0.285,1.121,0.426,3.939
4,1,0.267,1.135,0.388,4.242
4,1,0.295,1.090,0.446,3.690
4,1,0.295,1.100,0.446,3.725
4,1,0.291,1.102,0.441,3.793
4,1,0.300,1.135,0.460,3.778
4,1,0.291,1.132,0.443,3.890
4,1,0.303,1.188,0.467,3.923
4,1,0.307,1.164,0.442,3.794
4,1,0.314,1.092,0.458,3.475
4,1,0.307,1.109,0.442,3.614
4,1,0.291,1.159,0.443,3.981
4,1,0.300,1.056,0.460,3.517
4,1,0.256,1.112,0.369,4.347
4,1,0.262,1.107,0.409,4.229
4,1,0.250,1.093,0.404,4.365
4,1,0.322,1.129,0.481,3.505
4,1,0.291,1.114,0.443,3.831
4,1,0.268,1.132,0.426,4.219
4,1,0.302,1.104,0.463,3.652
5,0,0.274,1.036,0.436,3.783
5,0,0.278,1.037,0.419,3.729
5,0,0.274,1.033,0.436,3.765
5,0,0.312,1.023,0.474,3.282
5,0,0.168,1.032,0.338,6.161
5,0,0.279,1.02,0.43,3.655
5,0,0.283,1.005,0.435,3.551
5,0,0.298,0.995,0.475,3.333
5,0,0.298,0.989,0.445,3.318
5,0,0.26,0.986,0.385,3.794
5,0,0.293,1.012,0.431,3.453
5,0,0.297,0.964,0.434,3.249
5,0,0.269,1.014,0.403,3.768
5,0,0.264,1.024,0.418,3.877
5,0,0.156,1.034,0.356,6.63
5,0,0.27,1.042,0.403,3.866
5,0,0.26,1.024,0.405,3.94
5,0,0.264,1.028,0.449,3.887
5,0,0.26,1.024,0.434,3.945
5,0,0.274,1.024,0.415,3.742
5,0,0.231,1.024,0.404,4.434
5,0,0.25,1.024,0.388,4.097
5,0,0.264,1.038,0.418,3.93
5,0,0.264,1.024,0.418,3.877
5,0,0.255,1.02,0.401,3.998
5,0,0.264,1.038,0.417,3.929
5,0,0.27,0.998,0.411,3.702
5,0,0.255,1.006,0.4,3.948
5,0,0.269,0.996,0.403,3.699
5,0,0.27,1.01,0.402,3.746
5,0,0.25,1.02,0.388,4.081
5,0,0.26,1.038,0.414,3.993
5,0,0.231,1.014,0.375,4.395
5,0,0.26,1.028,0.434,3.96
5,0,0.26,1.021,0.415,3.926
5,0,0.274,1.016,0.414,3.715
5,0,0.241,1.062,0.403,4.403
5,0,0.255,1.034,0.4,4.061
5,0,0.25,1.04,0.418,4.156
5,0,0.255,1,0.433,3.918
5,0,0.266,1.039,0.407,3.912
5,0,0.231,1.127,0.412,4.878
5,0,0.225,1.045,0.36,4.633
5,0,0.24,1.033,0.399,4.297
5,0,0.256,1.065,0.411,4.162
5,0,0.215,1.051,0.385,4.888
5,0,0.27,1.065,0.413,3.94
5,0,0.245,1.05,0.383,4.277
5,0,0.262,1.017,0.426,3.883
5,0,0.195,1.054,0.354,5.391
5,0,0.163,1.005,0.337,6.182
5,0,0.255,1.021,0.41,3.998
5,0,0.221,1.046,0.368,4.745
5,0,0.215,0.986,0.353,4.597
5,0,0.198,1.01,0.338,5.099
5,0,0.223,0.985,0.359,4.415
5,0,0.19,1.022,0.372,5.391
5,0,0.22,0.995,0.379,4.53
5,0,0.223,1.021,0.359,4.585
5,0,0.21,1.054,0.401,5.023
5,0,0.227,0.969,0.376,4.264
5,0,0.235,1.062,0.382,4.53
5,0,0.195,1.037,0.371,5.329
5,0,0.198,1.05,0.345,5.299
5,0,0.232,1.072,0.38,4.614
5,0,0.224,1.046,0.379,4.665
5,0,0.211,1.012,0.38,4.8
5,0,0.236,1.017,0.409,4.317
5,0,0.22,1.046,0.379,4.746
5,0,0.215,1.016,0.377,4.72
5,0,0.216,1.048,0.365,4.851
5,0,0.226,1.022,0.391,4.529
5,0,0.231,1.036,0.428,4.489
5,0,0.22,1.038,0.395,4.723
5,0,0.183,1.042,0.339,5.698
5,0,0.208,1.014,0.36,4.871
5,0,0.206,1.034,0.399,5.026
5,0,0.198,1.046,0.334,5.284
5,0,0.217,1.034,0.374,4.773
5,0,0.201,1.047,0.371,5.204
5,0,0.22,1.023,0.366,4.645
5,0,0.245,1.024,0.393,4.181
5,0,0.228,1.036,0.386,4.545
5,0,0.215,1.05,0.377,4.891
5,0,0.229,1.039,0.41,4.527
5,0,0.211,1.033,0.38,4.889
5,0,0.226,1.078,0.39,4.765
5,0,0.205,1.034,0.378,5.046
5,0,0.244,1.03,0.404,4.219
5,0,0.186,1.042,0.349,5.595
5,0,0.214,1.052,0.342,4.925
5,0,0.209,1.042,0.392,4.98
5,0,0.22,1.036,0.38,4.709
5,0,0.324,1.088,0.49,3.362
5,0,0.201,1.047,0.385,5.211
5,0,0.221,1.042,0.376,4.714
5,0,0.212,1.044,0.398,4.925
5,0,0.226,1.052,0.394,4.653
5,0,0.225,1.036,0.41,4.612
5,0,0.225,1.019,0.394,4.535
5,0,0.252,0.988,0.42,3.915
5,0,0.216,1.033,0.394,4.785
5,0,0.208,1.04,0.36,4.993
5,0,0.246,1.039,0.404,4.231
5,0,0.216,1.026,0.366,4.76
5,0,0.188,1.104,0.386,5.866
5,0,0.229,1.09,0.393,4.764
5,0,0.22,1.112,0.38,5.054
5,0,0.22,1.076,0.38,4.893
5,0,0.236,1.09,0.376,4.628
5,0,0.225,1.1,0.38,4.897
5,0,0.246,1.078,0.404,4.392
5,0,0.201,1.095,0.403,5.442
5,0,0.225,1.072,0.394,4.772
5,0,0.225,1.094,0.39,4.873
5,0,0.203,1.067,0.401,5.271
5,0,0.219,1.085,0.345,4.954
5,0,0.22,1.055,0.38,4.796
5,0,0.241,1.067,0.389,4.428
5,0,0.214,1.045,0.396,4.884
5,0,0.216,1.066,0.365,4.938
5,0,0.237,1.081,0.404,4.571
5,0,0.216,1.057,0.394,4.897
5,0,0.205,1.077,0.382,5.244
5,0,0.23,1.066,0.37,4.626
5,0,0.212,1.05,0.371,4.952
5,0,0.213,1.076,0.361,5.059
5,0,0.205,1.044,0.382,5.093
5,0,0.204,1.066,0.35,5.224
5,0,0.213,1.041,0.361,4.893
5,0,0.215,1.073,0.398,4.997
5,0,0.23,1.06,0.373,4.6
5,0,0.181,1.035,0.339,5.729
5,0,0.214,1.071,0.395,5.013
5,0,0.223,1.023,0.356,4.583
5,0,0.225,1.065,0.378,4.739
5,0,0.24,1.056,0.424,4.391
5,0,0.226,1.069,0.379,4.739
5,0,0.241,1.064,0.392,4.421
5,0,0.226,1.063,0.394,4.702
5,0,0.216,1.062,0.365,4.92
5,0,0.242,1.084,0.424,4.484
5,0,0.237,1.06,0.412,4.466
5,0,0.23,1.057,0.394,4.592
5,0,0.24,1.068,0.401,4.446
5,0,0.267,1.063,0.421,3.973
5,0,0.195,1.042,0.389,5.33
5,0,0.226,1.07,0.391,4.741
5,0,0.241,1.044,0.41,4.333
5,0,0.188,1.082,0.34,5.747
5,0,0.245,1.007,0.415,4.106
5,0,0.352,1.043,0.498,2.963
5,0,0.235,1.006,0.394,4.278
5,0,0.235,1.012,0.41,4.313
5,0,0.236,1.038,0.416,4.4
5,0,0.24,1.06,0.411,4.412
5,0,0.224,1.016,0.413,4.546
5,0,0.24,1.055,0.411,4.391
5,0,0.246,1.031,0.425,4.192
5,0,0.23,1.047,0.362,4.559
5,0,0.235,1.036,0.366,4.416
5,0,0.23,1.049,0.384,4.551
5,0,0.219,1.053,0.377,4.801
5,0,0.21,1.067,0.386,5.076
5,0,0.241,1.044,0.413,4.326
5,0,0.251,1.028,0.408,4.09
5,0,0.22,1.039,0.38,4.724
5,0,0.255,1.009,0.424,3.952
5,0,0.226,1.029,0.379,4.563
5,0,0.225,1.055,0.393,4.686
5,0,0.221,1.074,0.382,4.866
5,0,0.215,1.043,0.383,4.854
5,0,0.235,1.028,0.377,4.373
5,0,0.235,1.079,0.398,4.587
5,0,0.235,1.054,0.398,4.48
5,0,0.241,1.034,0.392,4.286
5,0,0.261,1.073,0.425,4.113
5,0,0.245,1.01,0.393,4.123
5,0,0.209,1.055,0.349,5.056
5,0,0.22,1.059,0.366,4.807
5,0,0.219,1.045,0.398,4.772
5,0,0.215,1.047,0.383,4.875
5,0,0.244,1.093,0.37,4.477
5,0,0.235,1.063,0.398,4.519
5,0,0.236,1.029,0.398,4.354
5,0,0.191,1.062,0.367,5.563
5,0,0.213,1.053,0.363,4.941
5,0,0.241,1.05,0.393,4.357
5,0,0.24,0.995,0.393,4.138
5,0,0.242,1.024,0.424,4.233
5,0,0.162,1.033,0.332,6.39
5,0,0.213,1.065,0.361,5.009
5,0,0.223,1.044,0.359,4.678
5,0,0.219,1.043,0.397,4.758
5,0,0.219,1.029,0.348,4.701
5,0,0.24,1.033,0.413,4.306
5,0,0.237,1.071,0.408,4.528
5,0,0.21,1.089,0.383,5.18
5,0,0.272,1.07,0.42,3.937
5,0,0.219,1.057,0.377,4.815
5,0,0.213,1.079,0.383,5.061
5,0,0.187,1.029,0.352,5.496
5,0,0.225,1.058,0.413,4.696
5,0,0.207,1.059,0.381,5.108
5,0,0.194,1.048,0.389,5.41
5,0,0.246,1.062,0.416,4.326
5,0,0.236,1.093,0.411,4.638
5,0,0.227,1.042,0.409,4.597
5,0,0.213,1.061,0.364,4.98
5,0,0.216,1.023,0.398,4.73
5,0,0.235,1.045,0.398,4.442
5,0,0.215,1.09,0.383,5.075
5,0,0.24,1.08,0.413,4.5
5,0,0.216,1.094,0.4,5.069
5,0,0.256,1.084,0.412,4.238
5,0,0.224,1.09,0.393,4.872
5,0,0.21,1.079,0.383,5.132
5,0,0.211,1.074,0.386,5.1
5,0,0.216,1.067,0.368,4.947
5,0,0.24,1.049,0.41,4.363
5,0,0.245,1.029,0.424,4.196
5,0,0.218,1.07,0.364,4.897
5,0,0.216,1.054,0.386,4.882
5,0,0.24,1.059,0.413,4.412
5,0,0.225,1.049,0.381,4.663
5,0,0.24,1.09,0.379,4.55
5,0,0.235,1.094,0.398,4.663
5,0,0.255,1.072,0.423,4.198
5,0,0.224,1.049,0.378,4.682
5,0,0.246,1.042,0.425,4.234
5,0,0.247,1.07,0.407,4.324
5,0,0.251,1.006,0.42,4.012
5,0,0.251,1.035,0.419,4.117
5,0,0.24,1.064,0.413,4.432
5,0,0.24,1.066,0.378,4.446
5,0,0.255,1.072,0.387,4.198
5,0,0.211,1.063,0.371,5.044
5,0,0.236,1.069,0.408,4.539
5,0,0.239,1.072,0.387,4.483
5,0,0.215,1.049,0.383,4.881
5,1,0.274,1.036,0.436,3.783
5,1,0.278,1.037,0.419,3.729
5,1,0.274,1.033,0.436,3.765
5,1,0.312,1.023,0.474,3.282
5,1,0.168,1.032,0.338,6.161
5,1,0.279,1.020,0.430,3.655
5,1,0.283,1.005,0.435,3.551
5,1,0.298,0.995,0.475,3.333
5,1,0.298,0.989,0.445,3.318
5,1,0.260,0.986,0.385,3.794
5,1,0.293,1.012,0.431,3.453
5,1,0.297,0.964,0.434,3.249
5,1,0.269,1.014,0.403,3.768
5,1,0.264,1.024,0.418,3.877
5,1,0.156,1.034,0.356,6.630
5,1,0.270,1.042,0.403,3.866
5,1,0.260,1.024,0.405,3.940
5,1,0.264,1.028,0.449,3.887
5,1,0.260,1.024,0.434,3.945
5,1,0.274,1.024,0.415,3.742
5,1,0.231,1.024,0.404,4.434
5,1,0.250,1.024,0.388,4.097
5,1,0.264,1.038,0.418,3.930
5,1,0.264,1.024,0.418,3.877
5,1,0.255,1.020,0.401,3.998
5,1,0.264,1.038,0.417,3.929
5,1,0.270,0.998,0.411,3.702
5,1,0.255,1.006,0.400,3.948
5,1,0.269,0.996,0.403,3.699
5,1,0.270,1.010,0.402,3.746
5,1,0.250,1.020,0.388,4.081
5,1,0.260,1.038,0.414,3.993
5,1,0.231,1.014,0.375,4.395
5,1,0.260,1.028,0.434,3.960
5,1,0.260,1.021,0.415,3.926
5,1,0.274,1.016,0.414,3.715
5,1,0.241,1.062,0.403,4.403
5,1,0.255,1.034,0.400,4.061
5,1,0.250,1.040,0.418,4.156
5,1,0.255,1.000,0.433,3.918
5,1,0.266,1.039,0.407,3.912
5,1,0.231,1.127,0.412,4.878
5,1,0.225,1.045,0.360,4.633
5,1,0.240,1.033,0.399,4.297
5,1,0.256,1.065,0.411,4.162
5,1,0.215,1.051,0.385,4.888
5,1,0.270,1.065,0.413,3.940
5,1,0.245,1.050,0.383,4.277
5,1,0.262,1.017,0.426,3.883
5,1,0.195,1.054,0.354,5.391
5,1,0.163,1.005,0.337,6.182
5,1,0.255,1.021,0.410,3.998
5,1,0.221,1.046,0.368,4.745
5,1,0.215,0.986,0.353,4.597
5,1,0.198,1.010,0.338,5.099
5,1,0.223,0.985,0.359,4.415
5,1,0.190,1.022,0.372,5.391
5,1,0.220,0.995,0.379,4.530
5,1,0.223,1.021,0.359,4.585
5,1,0.210,1.054,0.401,5.023
5,1,0.227,0.969,0.376,4.264
5,1,0.235,1.062,0.382,4.530
5,1,0.195,1.037,0.371,5.329
5,1,0.198,1.050,0.345,5.299
5,1,0.232,1.072,0.380,4.614
5,1,0.224,1.046,0.379,4.665
5,1,0.211,1.012,0.380,4.800
5,1,0.236,1.017,0.409,4.317
5,1,0.220,1.046,0.379,4.746
5,1,0.215,1.016,0.377,4.720
5,1,0.216,1.048,0.365,4.851
5,1,0.226,1.022,0.391,4.529
5,1,0.231,1.036,0.428,4.489
5,1,0.220,1.038,0.395,4.723
5,1,0.183,1.042,0.339,5.698
5,1,0.208,1.014,0.360,4.871
5,1,0.206,1.034,0.399,5.026
5,1,0.198,1.046,0.334,5.284
5,1,0.217,1.034,0.374,4.773
5,1,0.201,1.047,0.371,5.204
5,1,0.220,1.023,0.366,4.645
5,1,0.245,1.024,0.393,4.181
5,1,0.228,1.036,0.386,4.545
5,1,0.215,1.050,0.377,4.891
5,1,0.229,1.039,0.410,4.527
5,1,0.211,1.033,0.380,4.889
5,1,0.226,1.078,0.390,4.765
5,1,0.205,1.034,0.378,5.046
5,1,0.244,1.030,0.404,4.219
5,1,0.186,1.042,0.349,5.595
5,1,0.214,1.052,0.342,4.925
5,1,0.209,1.042,0.392,4.980
5,1,0.220,1.036,0.380,4.709
5,1,0.324,1.088,0.490,3.362
5,1,0.201,1.047,0.385,5.211
5,1,0.221,1.042,0.376,4.714
5,1,0.212,1.044,0.398,4.925
5,1,0.226,1.052,0.394,4.653
5,1,0.225,1.036,0.410,4.612
5,1,0.225,1.019,0.394,4.535
5,1,0.252,0.988,0.420,3.915
5,1,0.216,1.033,0.394,4.785
5,1,0.208,1.040,0.360,4.993
5,1,0.246,1.039,0.404,4.231
5,1,0.216,1.026,0.366,4.760
5,1,0.188,1.104,0.386,5.866
5,1,0.229,1.090,0.393,4.764
5,1,0.220,1.112,0.380,5.054
5,1,0.220,1.076,0.380,4.893
5,1,0.236,1.090,0.376,4.628
5,1,0.225,1.100,0.380,4.897
5,1,0.246,1.078,0.404,4.392
5,1,0.201,1.095,0.403,5.442
5,1,0.225,1.072,0.394,4.772
5,1,0.225,1.094,0.390,4.873
5,1,0.203,1.067,0.401,5.271
5,1,0.219,1.085,0.345,4.954
5,1,0.220,1.055,0.380,4.796
5,1,0.241,1.067,0.389,4.428
5,1,0.214,1.045,0.396,4.884
5,1,0.216,1.066,0.365,4.938
5,1,0.237,1.081,0.404,4.571
5,1,0.216,1.057,0.394,4.897
5,1,0.205,1.077,0.382,5.244
5,1,0.230,1.066,0.370,4.626
5,1,0.212,1.050,0.371,4.952
5,1,0.213,1.076,0.361,5.059
5,1,0.205,1.044,0.382,5.093
5,1,0.204,1.066,0.350,5.224
5,1,0.213,1.041,0.361,4.893
5,1,0.215,1.073,0.398,4.997
5,1,0.230,1.060,0.373,4.600
5,1,0.181,1.035,0.339,5.729
5,1,0.214,1.071,0.395,5.013
5,1,0.223,1.023,0.356,4.583
5,1,0.225,1.065,0.378,4.739
5,1,0.240,1.056,0.424,4.391
5,1,0.226,1.069,0.379,4.739
5,1,0.241,1.064,0.392,4.421
5,1,0.226,1.063,0.394,4.702
5,1,0.216,1.062,0.365,4.920
5,1,0.242,1.084,0.424,4.484
5,1,0.237,1.060,0.412,4.466
5,1,0.230,1.057,0.394,4.592
5,1,0.240,1.068,0.401,4.446
5,1,0.267,1.063,0.421,3.973
5,1,0.195,1.042,0.389,5.330
5,1,0.226,1.070,0.391,4.741
5,1,0.241,1.044,0.410,4.333
5,1,0.188,1.082,0.340,5.747
5,1,0.245,1.007,0.415,4.106
5,1,0.352,1.043,0.498,2.963
5,1,0.235,1.006,0.394,4.278
5,1,0.235,1.012,0.410,4.313
5,1,0.236,1.038,0.416,4.400
5,1,0.240,1.060,0.411,4.412
5,1,0.224,1.016,0.413,4.546
5,1,0.240,1.055,0.411,4.391
5,1,0.246,1.031,0.425,4.192
5,1,0.230,1.047,0.362,4.559
5,1,0.235,1.036,0.366,4.416
5,1,0.230,1.049,0.384,4.551
5,1,0.219,1.053,0.377,4.801
5,1,0.210,1.067,0.386,5.076
5,1,0.241,1.044,0.413,4.326
5,1,0.251,1.028,0.408,4.090
5,1,0.220,1.039,0.380,4.724
5,1,0.255,1.009,0.424,3.952
5,1,0.226,1.029,0.379,4.563
5,1,0.225,1.055,0.393,4.686
5,1,0.221,1.074,0.382,4.866
5,1,0.215,1.043,0.383,4.854
5,1,0.235,1.028,0.377,4.373
5,1,0.235,1.079,0.398,4.587
5,1,0.235,1.054,0.398,4.480
5,1,0.241,1.034,0.392,4.286
5,1,0.261,1.073,0.425,4.113
5,1,0.245,1.010,0.393,4.123
5,1,0.209,1.055,0.349,5.056
5,1,0.220,1.059,0.366,4.807
5,1,0.219,1.045,0.398,4.772
5,1,0.215,1.047,0.383,4.875
5,1,0.244,1.093,0.370,4.477
5,1,0.235,1.063,0.398,4.519
5,1,0.236,1.029,0.398,4.354
5,1,0.191,1.062,0.367,5.563
5,1,0.213,1.053,0.363,4.941
5,1,0.241,1.050,0.393,4.357
5,1,0.240,0.995,0.393,4.138
5,1,0.242,1.024,0.424,4.233
5,1,0.162,1.033,0.332,6.390
5,1,0.213,1.065,0.361,5.009
5,1,0.223,1.044,0.359,4.678
5,1,0.219,1.043,0.397,4.758
5,1,0.219,1.029,0.348,4.701
5,1,0.240,1.033,0.413,4.306
5,1,0.237,1.071,0.408,4.528
5,1,0.210,1.089,0.383,5.180
5,1,0.272,1.070,0.420,3.937
5,1,0.219,1.057,0.377,4.815
5,1,0.213,1.079,0.383,5.061
5,1,0.187,1.029,0.352,5.496
5,1,0.225,1.058,0.413,4.696
5,1,0.207,1.059,0.381,5.108
5,1,0.194,1.048,0.389,5.410
5,1,0.246,1.062,0.416,4.326
5,1,0.236,1.093,0.411,4.638
5,1,0.227,1.042,0.409,4.597
5,1,0.213,1.061,0.364,4.980
5,1,0.216,1.023,0.398,4.730
5,1,0.235,1.045,0.398,4.442
5,1,0.215,1.090,0.383,5.075
5,1,0.240,1.080,0.413,4.500
5,1,0.216,1.094,0.400,5.069
5,1,0.256,1.084,0.412,4.238
5,1,0.224,1.090,0.393,4.872
5,1,0.210,1.079,0.383,5.132
5,1,0.211,1.074,0.386,5.100
5,1,0.216,1.067,0.368,4.947
5,1,0.240,1.049,0.410,4.363
5,1,0.245,1.029,0.424,4.196
5,1,0.218,1.070,0.364,4.897
5,1,0.216,1.054,0.386,4.882
5,1,0.240,1.059,0.413,4.412
5,1,0.225,1.049,0.381,4.663
5,1,0.240,1.090,0.379,4.550
5,1,0.235,1.094,0.398,4.663
5,1,0.255,1.072,0.423,4.198
5,1,0.224,1.049,0.378,4.682
5,1,0.246,1.042,0.425,4.234
5,1,0.247,1.070,0.407,4.324
5,1,0.251,1.006,0.420,4.012
5,1,0.251,1.035,0.419,4.117
5,1,0.240,1.064,0.413,4.432
5,1,0.240,1.066,0.378,4.446
5,1,0.255,1.072,0.387,4.198
5,1,0.211,1.063,0.371,5.044
5,1,0.236,1.069,0.408,4.539
5,1,0.239,1.072,0.387,4.483
5,1,0.215,1.049,0.383,4.881
